"","species","hw.raw","hw.logit","time"
"1","A","0.345522701010355","-0.683311097683129","peak"
"2","A","0.27010816511198","-1.04540644227943","peak"
"3","A","0.44783220643588","-0.249964623743166","peak"
"4","A","0.412300293383772","-0.395889656753899","peak"
"5","A","0.405","-0.42634269312972","trough"
"6","A","0.396","-0.464157558682312","trough"
"7","A","0.339","-0.71271138620631","trough"
"8","A","0.278","-1.00479353345045","trough"
"9","A","0.383","-0.519368120989105","trough"
"10","A","0.235","-1.23676262714893","trough"
"11","A","0.289","-0.949427355463584","trough"
"12","A","0.218","-1.33702331211311","trough"
"13","A","0.214","-1.36147919200017","trough"
"14","A","0.254","-1.13087315088633","trough"
"15","A","0.241","-1.20267325898385","trough"
"16","A","0.265","-1.07212067322113","trough"
"17","A","0.233","-1.24826857890753","trough"
"18","A","0.23","-1.26566637333128","trough"
"19","A","0.214","-1.36147919200017","trough"
"20","A","0.223","-1.30693608270798","trough"
"21","A","0.257","-1.11467689117192","trough"
"22","A","0.234","-1.24250646832818","trough"
"23","A","0.201","-1.44352548901186","trough"
"24","A","0.261","-1.09328604438544","trough"
"25","A","0.244","-1.18586105438289","trough"
"26","A","0.249","-1.15816980593018","trough"
"27","A","0.211","-1.3800560377072","trough"
"28","A","0.261","-1.09328604438544","trough"
"29","A","0.218","-1.33702331211311","trough"
"30","A","0.244","-1.18586105438289","trough"
"31","A","0.237","-1.22532903110602","trough"
"32","A","0.232","-1.25404914230611","trough"
"33","A","0.213","-1.36764869974843","trough"
"34","A","0.229","-1.27150342002319","trough"
"35","A","0.189","-1.52313730361167","trough"
"36","A","0.235447396","-1.2341987229313","trough"
"37","A","0.249803376","-1.15375779471571","trough"
"38","A","0.267782576572067","-1.05752572056897","trough"
"39","A","0.261305853723896","-1.09165981264254","trough"
"40","A","0.255185568057065","-1.12445658904522","trough"
"41","A","0.200100712298872","-1.44935590730795","trough"
"42","A","0.151408214222099","-1.80364274488023","trough"
"43","A","0.212224858154142","-1.37244654312981","trough"
"44","A","0.222285965277069","-1.31120086534616","trough"
"45","A","0.277985633826685","-1.00486676573881","trough"
"46","A","0.166262530772003","-1.68630390844939","trough"
"47","A","0.18359257829634","-1.56037684896628","trough"
"48","A","0.217020603350791","-1.34297891836259","trough"
"49","A","0.194002556498394","-1.48946157047001","trough"
"50","A","0.523782877027529","0.0551454787545291","trough"
"51","A","0.210554902019894","-1.38282982467331","trough"
"52","A","0.464737075662466","-0.181548712067324","trough"
"53","A","0.329440399596649","-0.756344687826031","trough"
"54","A","0.265083780428259","-1.0716797132086","trough"
"55","A","0.421962883903874","-0.3558568108395","trough"
"56","A","0.503651618864948","-0.0253948892167142","trough"
"57","A","0.435875668371486","-0.298698533100988","trough"
"58","A","0.275379034","-1.01819555264235","trough"
"59","A","0.254968588","-1.12562936360163","trough"
"60","A","0.246633124","-1.17122780752762","trough"
"61","A","0.248725625","-1.15967895830789","trough"
"62","A","0.271233869","-1.03956534809676","trough"
"63","A","0.241340597","-1.2007568919386","trough"
"64","A","0.239679453","-1.21012206879067","trough"
"65","A","0.199229866","-1.45502208039219","trough"
"66","A","0.259257279","-1.10257739915238","trough"
"67","A","0.267237802","-1.06037498028083","trough"
"68","A","0.224827253","-1.29606952269491","trough"
"69","A","0.238876285","-1.21466720373465","trough"
"70","A","0.240517334","-1.20539236536487","trough"
"71","A","0.210942775","-1.38041239794622","trough"
"72","A","0.252668754","-1.13810337386723","trough"
"73","A","0.273996203","-1.02530055721583","trough"
"74","A","0.238216683","-1.2184082914868","trough"
"75","A","0.23916212","-1.21304837840365","trough"
"76","A","0.233301717","-1.24652811676453","trough"
"77","A","0.20733351","-1.40304405617514","trough"
"78","A","0.235031093","-1.2365843247805","trough"
"79","A","0.339812876","-0.709031511736257","trough"
"80","A","0.255929722","-1.12043975837062","trough"
"81","A","0.404313078","-0.429218014234429","trough"
"82","A","0.352732203","-0.651142148268448","trough"
"83","A","0.283618935","-0.976338369816994","trough"
"84","A","0.248146318","-1.16286925259271","trough"
"85","A","0.247884056","-1.1643153062854","trough"
"86","A","0.234235447","-1.24115246055031","trough"
"87","A","0.254580657","-1.12772787625657","trough"
"88","A","0.316219834","-0.817851890854947","trough"
"89","A","0.3057019","-0.867849851764715","trough"
"90","A","0.280344997","-0.992872913786424","trough"
"91","A","0.253557569","-1.13327309361487","trough"
"92","A","0.230963988","-1.26005753528664","trough"
"93","A","0.166804210933828","-1.68220122078186","trough"
"94","A","0.174378183233222","-1.62600637002303","trough"
"95","A","0.188654432087384","-1.52549053893668","trough"
"96","A","0.189629833086173","-1.51885741089197","trough"
"97","A","0.203678779263639","-1.42628119024763","trough"
"98","A","0.212424445782865","-1.37120985932217","trough"
"99","A","0.264283689207485","-1.07589471703151","trough"
"100","A","0.31185904701371","-0.838460844072312","trough"
"101","A","0.235045460795271","-1.2365019387677","trough"
"102","A","0.313456550531392","-0.83089173495183","trough"
"103","A","0.287555428140019","-0.956620045608845","trough"
"104","B","0.738510846846636","0.987080327789947","peak"
"105","B","0.599633676705799","0.362451224890725","peak"
"106","B","0.178176151827476","-1.59860874458889","trough"
"107","B","0.199602104005168","-1.45259766984294","trough"
"108","B","0.190190396926271","-1.51505806936716","trough"
"109","B","0.175262423743901","-1.61958273810974","trough"
"110","B","0.135655001299463","-1.93993496650794","trough"
"111","B","0.304426797010429","-0.873980121182591","trough"
"112","B","0.133307822240678","-1.96147208730876","trough"
"113","B","0.128606779775145","-2.00569021034414","trough"
"114","B","0.13592935432585","-1.93744013292161","trough"
"115","B","0.15258826216489","-1.79395705252101","trough"
"116","B","0.140089993743772","-1.90016329469151","trough"
"117","B","0.166354462108933","-1.68560680484943","trough"
"118","B","0.195917094298172","-1.47676136580623","trough"
"119","B","0.199782733066469","-1.45142253480378","trough"
"120","B","0.279766229981917","-0.995808946697917","trough"
"121","B","0.320161044981698","-0.799366509298656","trough"
"122","B","0.169077065291649","-1.66511124830289","trough"
"123","B","0.26688208451932","-1.06223756947676","trough"
"124","B","0.25982107859881","-1.09956676391497","trough"
"125","B","0.169680483594839","-1.66060735510194","trough"
"126","B","0.166741891993936","-1.6826726366234","trough"
"127","B","0.166461859374858","-1.68479284785201","trough"
"128","B","0.169998786596773","-1.65823710492907","trough"
"129","B","0.179886984810329","-1.58642843365787","trough"
"130","B","0.18018656622134","-1.58430561328937","trough"
"131","B","0.182696526475218","-1.56663571292083","trough"
"132","B","0.202100152253781","-1.43642123767958","trough"
"133","B","0.236092136984299","-1.23051022451025","trough"
"134","B","0.190367979153874","-1.51385639174527","trough"
"135","B","0.184749074505077","-1.55233640721325","trough"
"136","B","0.148456232476933","-1.82817159384629","trough"
"137","B","0.241665812982498","-1.19892890592545","trough"
"138","C","0.800093984662052","1.3254920217825","peak"
"139","C","0.8141913127428","1.41269909491923","peak"
"140","C","0.871975356864551","1.8317944392707","peak"
"141","C","0.80280202377435","1.34189879261778","peak"
"142","C","0.689935652017776","0.753476101284034","peak"
"143","C","0.499850258959786","-0.0406045420644949","peak"
"144","C","0.933633599705296","2.49277264316517","peak"
"145","C","0.829387207611074","1.51220128190059","peak"
"146","C","0.945639254600609","2.67672608666047","peak"
"147","C","0.647905519076896","0.56628500836021","peak"
"148","C","0.642009771251873","0.540848469367371","peak"
"149","C","0.683442312998891","0.723795723504325","peak"
"150","C","0.780518721122288","1.21124249917761","peak"
"151","C","0.69099973128093","0.758369966390598","peak"
"152","C","0.74604828562127","1.02552953570313","peak"
"153","C","0.765289711209691","1.1270263829898","peak"
"154","C","0.85990961351475","1.73389231760048","peak"
"155","C","0.660130213755248","0.619611625721805","peak"
"156","C","0.852064625926754","1.67367083967849","peak"
"157","C","0.844611474154261","1.61866890812167","peak"
"158","C","0.799027134572576","1.3190711860114","peak"
"159","C","0.804634404933845","1.35309035952265","peak"
"160","C","0.756326359626839","1.07911442349879","peak"
"161","C","0.692043969362714","0.763181022187601","peak"
"162","C","0.889203626216826","1.9849102608324","peak"
"163","C","0.784164801168561","1.23197924777175","peak"
"164","C","0.668970064683963","0.658707847823957","peak"
"165","C","0.822195069991916","1.46433672748646","peak"
"166","C","0.82519339500634","1.48411547970072","peak"
"167","C","0.603059628463831","0.376628280417213","peak"
"168","C","0.81145403890306","1.39540701117834","peak"
"169","C","0.764693400472735","1.12380271987724","peak"
"170","C","0.948154544717452","2.71927607879057","peak"
"171","C","0.755557143420054","1.07505550372369","peak"
"172","C","0.950586526785589","2.7619826229047","peak"
"173","C","0.826067743110768","1.48992984929851","peak"
"174","C","0.776099237532792","1.18641478087944","peak"
"175","C","0.652351865105109","0.585586590386975","peak"
"176","C","0.669155971","0.659535205113501","peak"
"177","C","0.823490788","1.47285397072004","peak"
"178","C","0.306","-0.866418901833982","trough"
"179","C","0.172","-1.6434217652497","trough"
"180","C","0.225","-1.29504568965475","trough"
"181","C","0.26","-1.09861228866811","trough"
"182","C","0.341","-0.703665684751166","trough"
"183","C","0.309","-0.852064313643904","trough"
"184","C","0.403","-0.434719179190237","trough"
"185","C","0.279","-0.999702080147939","trough"
"186","C","0.262","-1.08797389046305","trough"
"187","C","0.513","0.0120001440031106","trough"
"188","C","0.338","-0.717244732139006","trough"
"189","C","0.572","0.249282939517245","trough"
"190","C","0.417","-0.376381213555131","trough"
"191","C","0.209","-1.39255612234387","trough"
"192","C","0.251","-1.14720484390498","trough"
"193","C","0.401","-0.443110707724531","trough"
"194","C","0.494","-0.064021858764931","trough"
"195","C","0.302","-0.885690291425438","trough"
"196","C","0.236","-1.23103687431744","trough"
"197","C","0.554","0.176456437341557","trough"
"198","C","0.223","-1.30693608270798","trough"
"199","C","0.515","0.0200006667066694","trough"
"200","C","0.286","-0.964390526668566","trough"
"201","C","0.218","-1.33702331211311","trough"
"202","C","0.255","-1.1254595387043","trough"
"203","C","0.281","-0.989554911128957","trough"
"204","C","0.326764963738159","-0.768678864180702","trough"
"205","C","0.25345342535602","-1.13383844469764","trough"
"206","C","0.174192767813839","-1.62735685192125","trough"
"207","C","0.553554030879939","0.174658780424864","trough"
"208","C","0.1833658830807","-1.56195788273969","trough"
"209","C","0.55466579129557","0.179140705637186","trough"
"210","C","0.219318761249981","-1.32903663788803","trough"
"211","C","0.184275640895661","-1.55562282328206","trough"
"212","C","0.20300855135304","-1.4305785762896","trough"
"213","C","0.204009640698341","-1.42416392912095","trough"
"214","C","0.274128482545633","-1.02461987374683","trough"
"215","C","0.166239465045115","-1.68647886534908","trough"
"216","C","0.19591173133782","-1.47679679991068","trough"
"217","C","0.225506679747932","-1.29204615190691","trough"
"218","C","0.233059829687367","-1.24792331648053","trough"
"219","C","0.634577186340486","0.509022025042328","trough"
"220","C","0.172535041499363","-1.63948580370871","trough"
"221","C","0.356069031623548","-0.636363524424455","trough"
"222","C","0.280327941795843","-0.992959376655929","trough"
"223","C","0.45638903822399","-0.215271350187641","trough"
"224","C","0.233518402989324","-1.24527919172519","trough"
"225","C","0.239943079997969","-1.20863263417049","trough"
"226","C","0.348171765991779","-0.671452107216508","trough"
"227","C","0.232861866395669","-1.24906596636471","trough"
"228","C","0.307808189890655","-0.8577569792947","trough"
"229","C","0.263644819916263","-1.07926665797793","trough"
"230","C","0.367572218477142","-0.585917056693593","trough"
"231","C","0.50800530340412","-0.00797882871207241","trough"
"232","C","0.298445065222219","-0.902947971713926","trough"
"233","C","0.745391470977887","1.0221514861949","trough"
"234","C","0.247599176274532","-1.16588731215235","trough"
"235","C","0.778542523813174","1.20009972649609","trough"
"236","C","0.421843781086073","-0.356348485712991","trough"
"237","C","0.193690582","-1.49154074928126","trough"
"238","C","0.170231025713405","-1.65651013889239","trough"
"239","C","0.224354789099455","-1.29887276967887","trough"
"240","C","0.272328793233084","-1.03389955305004","trough"
"241","C","0.227700422453624","-1.2791178499063","trough"
"242","C","0.230782656234879","-1.26111124884919","trough"
"243","C","0.214404012974231","-1.35899301192437","trough"
"244","C","0.765154504493805","1.12629498899975","trough"
"245","D","0.947","2.69954855584689","peak"
"246","D","0.823","1.46962249269322","peak"
"247","D","1","4.59511985013459","peak"
"248","D","0.906","2.15354951383356","peak"
"249","D","0.798","1.31291181518587","peak"
"250","D","1","4.59511985013459","peak"
"251","D","0.822","1.46305837733173","peak"
"252","D","1","4.59511985013459","peak"
"253","D","1","4.59511985013459","peak"
"254","D","0.83","1.51634748936809","peak"
"255","D","0.9","2.09074109693377","peak"
"256","D","0.863","1.75832696071294","peak"
"257","D","1","4.59511985013459","peak"
"258","D","0.819","1.44352548901186","peak"
"259","D","1","4.59511985013459","peak"
"260","D","1","4.59511985013459","peak"
"261","D","1","4.59511985013459","peak"
"262","D","0.969","3.15231900817913","peak"
"263","D","0.949","2.73394161503495","peak"
"264","D","1","4.59511985013459","peak"
"265","D","1","4.59511985013459","peak"
"266","D","0.87","1.81528996663825","peak"
"267","D","1","4.59511985013459","peak"
"268","D","0.992","3.9992195504583","peak"
"269","D","1","4.59511985013459","peak"
"270","D","0.80203903944857","1.33726031040382","peak"
"271","D","0.796162887580595","1.30194943879022","peak"
"272","D","0.153","-1.79059328833787","trough"
"273","D","0.129","-2.00193413282465","trough"
"274","D","0.177","-1.60703982975009","trough"
"275","D","0.182","-1.57151867757181","trough"
"276","D","0.143","-1.87468984855879","trough"
"277","D","0.136","-1.93679846870406","trough"
"278","D","0.13","-1.99243016469021","trough"
"279","D","0.12","-2.09074109693377","trough"
"280","D","0.206","-1.41148460994845","trough"
"281","D","0.157","-1.75832696071294","trough"
"282","D","0.14","-1.90095876119305","trough"
"283","D","0.161","-1.72677934949642","trough"
"284","D","0.176","-1.6142456140022","trough"
"285","D","0.193","-1.49615294201858","trough"
"286","D","0.133","-1.96432263699977","trough"
"287","D","0.141","-1.89214580206424","trough"
"288","D","0.135","-1.94591014905531","trough"
"289","D","0.136","-1.93679846870406","trough"
"290","D","0.173","-1.63607386968271","trough"
"291","D","0.141","-1.89214580206424","trough"
"292","D","0.107","-2.2310115749136","trough"
"293","D","0.16","-1.73460105538811","trough"
"294","D","0.193","-1.49615294201858","trough"
"295","D","0.133","-1.96432263699977","trough"
"296","D","0.163","-1.71126277325962","trough"
"297","D","0.198","-1.46305837733173","trough"
"298","D","0.165","-1.69591151043793","trough"
"299","D","0.147","-1.8404337652553","trough"
"300","D","0.155","-1.77436772651619","trough"
"301","D","0.142","-1.88338979207398","trough"
"302","D","0.157","-1.75832696071294","trough"
"303","D","0.16","-1.73460105538811","trough"
"304","D","0.149","-1.82362057129704","trough"
"305","D","0.176","-1.6142456140022","trough"
"306","D","0.163","-1.71126277325962","trough"
"307","D","0.175","-1.62148625095027","trough"
"308","D","0.211","-1.3800560377072","trough"
"309","D","0.208","-1.39884157717198","trough"
"310","D","0.167","-1.68072115265355","trough"
"311","D","0.19","-1.51634748936809","trough"
"312","D","0.3","-0.895384047054841","trough"
"313","D","0.178","-1.59986846141795","trough"
"314","D","0.178","-1.59986846141795","trough"
"315","D","0.163","-1.71126277325962","trough"
"316","D","0.174","-1.6287621852605","trough"
"317","D","0.153","-1.79059328833787","trough"
"318","D","0.194","-1.48947859735512","trough"
"319","D","0.148","-1.83200158550649","trough"
"320","D","0.149","-1.82362057129704","trough"
"321","D","0.133","-1.96432263699977","trough"
"322","D","0.149","-1.82362057129704","trough"
"323","D","0.229","-1.27150342002319","trough"
"324","D","0.195","-1.48283228816254","trough"
"325","D","0.159","-1.74246582262792","trough"
"326","D","0.149","-1.82362057129704","trough"
"327","D","0.16","-1.73460105538811","trough"
"328","D","0.15","-1.81528996663825","trough"
"329","D","0.186","-1.54368653487132","trough"
"330","D","0.316","-0.818886858554424","trough"
"331","D","0.325","-0.776846199436592","trough"
"332","D","0.162","-1.71900011494563","trough"
"333","D","0.2","-1.450010175506","trough"
"334","D","0.164","-1.70356675719259","trough"
"335","D","0.164","-1.70356675719259","trough"
"336","D","0.184","-1.55753947430645","trough"
"337","D","0.21","-1.38629436111989","trough"
"338","D","0.21","-1.38629436111989","trough"
"339","D","0.11","-2.19722457733622","trough"
"340","D","0.2","-1.450010175506","trough"
"341","D","0.136","-1.93679846870406","trough"
"342","D","0.177","-1.60703982975009","trough"
"343","D","0.168","-1.67318498121536","trough"
"344","D","0.17","-1.65822807660353","trough"
"345","D","0.177","-1.60703982975009","trough"
"346","D","0.144","-1.86604510861152","trough"
"347","D","0.18","-1.58562726374038","trough"
"348","D","0.118","-2.11133490545579","trough"
"349","D","0.17","-1.65822807660353","trough"
"350","D","0.169","-1.66568745775272","trough"
"351","D","0.187","-1.53680646810324","trough"
"352","D","0.134","-1.95508452533135","trough"
"353","D","0.126","-2.03086687153128","trough"
"354","D","0.163","-1.71126277325962","trough"
"355","D","0.119","-2.10099654524167","trough"
"356","D","0.126","-2.03086687153128","trough"
"357","D","0.174","-1.6287621852605","trough"
"358","D","0.196693646386227","-1.47163883845364","trough"
"359","D","0.962410130845636","2.99637584603758","trough"
"360","D","0.166639461494977","-1.68344781070499","trough"
"361","D","0.175424996276461","-1.618404720312","trough"
"362","D","0.1778345282006","-1.60105276258742","trough"
"363","D","0.298503678222952","-0.902662412502833","trough"
"364","D","0.371074109440945","-0.57070524386177","trough"
"365","D","0.754238082213602","1.06811398351201","trough"
"366","D","0.19266560298315","-1.49839113461638","trough"
"367","D","0.16826452835488","-1.67119793502908","trough"
"368","D","0.167489883036482","-1.67702444890617","trough"
"369","D","0.840180128511135","1.58690440372547","trough"
"370","D","0.210705880550275","-1.38188843190586","trough"
"371","D","0.204063840641777","-1.42381735221508","trough"
"372","D","0.168080760978146","-1.67257804612318","trough"
"373","D","0.172029962724089","-1.64320107158491","trough"
"374","D","0.176848615685686","-1.60812845112245","trough"
"375","D","0.174283041219177","-1.62669918837681","trough"
"376","D","0.177964891441275","-1.60011965967006","trough"
"377","D","0.166294156710446","-1.68606405529955","trough"
"378","D","0.16839163020036","-1.67024414869806","trough"
"379","D","0.168490835995593","-1.66950012907068","trough"
"380","D","0.166272315312833","-1.6862296976377","trough"
"381","D","0.169548507021261","-1.66159124383626","trough"
"382","D","0.19469770843024","-1.48483847422711","trough"
"383","D","0.166311323081658","-1.68593388099378","trough"
"384","D","0.176655980846653","-1.60951485231143","trough"
"385","D","0.253147616790342","-1.13549949665211","trough"
"386","D","0.199456107136869","-1.4535481219143","trough"
"387","D","0.19132772521609","-1.50737782028911","trough"
"388","D","0.166575683178777","-1.68393068112246","trough"
"389","D","0.19580906883852","-1.47747526279582","trough"
"390","D","0.166624447910227","-1.68356146527167","trough"
"391","D","0.171655833042402","-1.64595912867937","trough"
"392","D","0.166801341759281","-1.68222292149737","trough"
"393","D","0.172070977685943","-1.64289902484207","trough"
"394","D","0.204836375676427","-1.41888540956553","trough"
"395","D","0.243019041062395","-1.19134180415987","trough"
"396","D","0.174229007826051","-1.62709279978926","trough"
"397","D","0.299516500914922","-0.897733429529681","trough"
"398","D","0.167355756814889","-1.67803564720967","trough"
"399","D","0.26994631913449","-1.04624758044596","trough"
"400","D","0.175557660279505","-1.61744411049296","trough"
"401","D","0.167670014491231","-1.67566751108893","trough"
"402","D","0.153260147","-1.78847212979744","trough"
"403","D","0.156323618","-1.76373144777383","trough"
"404","D","0.143053036","-1.87422998739984","trough"
"405","D","0.175281359","-1.61944548343392","trough"
"406","D","0.163311655","-1.7088598649623","trough"
"407","D","0.134336033","-1.95199457415158","trough"
"408","D","0.177967542","-1.60010069372317","trough"
"409","D","0.157023972","-1.75813579561807","trough"
"410","D","0.163216644","-1.70959199019214","trough"
"411","D","0.14155953","-1.88723959106617","trough"
"412","D","0.139069461","-1.90921150829768","trough"
"413","D","0.153281994","-1.78829414214648","trough"
"414","D","0.165445197","-1.69251638952969","trough"
"415","D","0.15114303","-1.80582862716523","trough"
"416","D","0.180267799","-1.58373051350999","trough"
"417","D","0.207475001","-1.40215100680643","trough"
"418","D","0.160946859","-1.72719392909253","trough"
"419","D","0.135776541","-1.93882916854988","trough"
"420","D","0.159834335","-1.73590098006682","trough"
"421","D","0.158269283","-1.74824031676705","trough"
"422","D","0.123686136","-2.05362967777558","trough"
"423","D","0.132762162","-1.96652930939204","trough"
"424","D","0.155196842","-1.77278086502673","trough"
"425","D","0.169608113","-1.66114679813086","trough"
"426","D","0.148036573","-1.83169416990507","trough"
"427","D","0.1412217","-1.89019971271301","trough"
"428","D","0.158018043","-1.75023117087943","trough"
"429","D","0.115926018","-2.13304761862463","trough"
"430","D","0.163331544","-1.70870665354634","trough"
"431","D","0.149980865","-1.81544890430352","trough"
"432","D","0.139854939","-1.9022419609502","trough"
"433","D","0.152834645","-1.79194321378566","trough"
"434","D","0.177696257","-1.60204310095673","trough"
"435","D","0.158330376","-1.74775663014998","trough"
"436","D","0.154040514","-1.7821284383549","trough"
"437","D","0.15830009","-1.74799639045437","trough"
"438","D","0.162214625","-1.71733597675762","trough"
"439","D","0.206672135","-1.40722487780963","trough"
"440","D","0.154973082","-1.77458486767434","trough"
"441","D","0.14184346","-1.88475673427332","trough"
"442","D","0.205016645","-1.41773668629092","trough"
"443","D","0.152022597","-1.79859158356767","trough"
"444","D","0.173888432","-1.62957615508869","trough"
"445","D","0.167744549","-1.67510640806668","trough"
"446","D","0.214044706","-1.36120390405675","trough"
"447","D","0.204990176","-1.41790530326333","trough"
"448","D","0.262456824","-1.08555182409703","trough"
"449","D","0.148591677","-1.82703660030353","trough"
"450","D","0.176906704","-1.6077106382691","trough"
"451","D","0.179432136","-1.58965717127775","trough"
"452","D","0.131912612","-1.97444162644457","trough"
"453","D","0.164137943","-1.70250835787034","trough"
"454","D","0.151443331","-1.8033535382434","trough"
"455","D","0.21999223","-1.32497225082279","trough"
"456","D","0.148365462","-1.82893275090832","trough"
"457","D","0.161085258","-1.72611445960404","trough"
"458","D","0.161680322","-1.72148238213209","trough"
"459","D","0.155826601","-1.76771596501108","trough"
"460","D","0.160124393","-1.73362575697433","trough"
"461","D","0.177175971","-1.6057753939427","trough"
"462","D","0.203672305","-1.42632264800131","trough"
"463","D","0.175692261","-1.61647010745134","trough"
"464","D","0.140783131","-1.89405219287899","trough"
"465","D","0.164298416","-1.70127806619075","trough"
"466","D","0.152276214","-1.79651178269535","trough"
"467","D","0.189302152","-1.52108262971045","trough"
"468","D","0.176738485","-1.60892090953527","trough"
"469","D","0.169537066","-1.66167656799417","trough"
"470","D","0.160418271","-1.73132425799204","trough"
"471","D","0.1488845","-1.82458598931154","trough"
"472","D","0.15921639","-1.74076028463539","trough"
"473","D","0.154695255","-1.77682799121601","trough"
"474","D","0.158748734","-1.74444881122213","trough"
"475","D","0.153047758","-1.79020364355885","trough"
"476","D","0.189693207","-1.51842741690812","trough"
"477","D","0.135534606","-1.94103125576752","trough"
"478","D","0.16671008","-1.68291333943544","trough"
"479","D","0.157788878","-1.7520495365633","trough"
"480","D","0.179445679","-1.58956093691977","trough"
"481","D","0.195528552","-1.47933058345231","trough"
"482","D","0.208350456","-1.39663608888372","trough"
"483","D","0.171958644","-1.64372643140842","trough"
"484","D","0.179714287","-1.58765351564331","trough"
"485","D","0.198068258","-1.4626113036495","trough"
"486","D","0.166359085458261","-1.68557175540129","trough"
"487","D","0.167662487272282","-1.67572418870913","trough"
"488","D","0.169995086572029","-1.65826463530179","trough"
"489","D","0.171880918689695","-1.64429919706945","trough"
"490","D","0.210292718803361","-1.3844658716515","trough"
"491","D","0.354820649755606","-0.641884589242544","trough"
"492","D","0.348797416709944","-0.668657934985733","trough"
"493","D","0.225920600233495","-1.28959954184055","trough"
"494","D","0.266807337679939","-1.06262916943403","trough"
"495","D","0.217735857035609","-1.33862749548099","trough"
"496","E","1","4.59511985013459","peak"
"497","E","1","4.59511985013459","peak"
"498","E","1","4.59511985013459","peak"
"499","E","1","4.59511985013459","peak"
"500","E","1","4.59511985013459","peak"
"501","E","1","4.59511985013459","peak"
"502","E","0.962496683","2.99828708439866","peak"
"503","E","1","4.59511985013459","peak"
"504","E","0.85117405","1.66698964600446","peak"
"505","E","0.631528284","0.496040075633906","peak"
"506","E","0.991","3.94413348039892","peak"
"507","E","0.940853159","2.59986916711452","peak"
"508","E","0.477727681","-0.129268987840737","peak"
"509","E","1","4.59511985013459","peak"
"510","E","1","4.59511985013459","peak"
"511","E","1","4.59511985013459","peak"
"512","E","0.952237498","2.79191755299738","peak"
"513","E","1","4.59511985013459","peak"
"514","E","0.961","2.96569376443476","peak"
"515","E","0.974438856","3.30029285472449","peak"
"516","E","0.967522922","3.11538507093671","peak"
"517","E","1","4.59511985013459","peak"
"518","E","1","4.59511985013459","peak"
"519","E","0.852766359","1.67895690700401","peak"
"520","E","0.436588774","-0.295782640571899","peak"
"521","E","0.931838672","2.46759523372934","peak"
"522","E","1","4.59511985013459","peak"
"523","E","1","4.59511985013459","peak"
"524","E","0.983","3.58454721618167","peak"
"525","E","1","4.59511985013459","peak"
"526","E","1","4.59511985013459","peak"
"527","E","1","4.59511985013459","peak"
"528","E","0.93438302231333","2.50344568151467","peak"
"529","E","0.910538626680366","2.20322369744991","peak"
"530","E","0.927888332258294","2.41399561821993","peak"
"531","E","0.951217461669114","2.77332936560143","peak"
"532","E","0.891078480844306","2.00268293086674","peak"
"533","E","0.760195886976286","1.09965729224016","peak"
"534","E","0.879142322137738","1.89339658469128","peak"
"535","E","0.923888565290255","2.36206643427791","peak"
"536","E","0.922936626190723","2.350030177406","peak"
"537","E","0.886910289571154","1.96349125214298","peak"
"538","E","0.963867162730351","3.02899941770002","peak"
"539","E","0.944989368610262","2.66598434239043","peak"
"540","E","0.851939219155387","1.67272817741739","peak"
"541","E","0.799946371944596","1.32460218973437","peak"
"542","E","0.866720408526005","1.78831371443539","peak"
"543","E","0.947758747327398","2.71247471075816","peak"
"544","E","0.947587379852173","2.70954245779169","peak"
"545","E","0.191024199116368","-1.50942381716119","trough"
"546","E","0.166193430622812","-1.68682810607834","trough"
"547","E","0.166562489930179","-1.68403058819038","trough"
"548","E","0.170117443378784","-1.65735450142688","trough"
"549","E","0.168767310199509","-1.66742863153191","trough"
"550","E","0.533542975341705","0.094241589851889","trough"
"551","E","0.166419073274686","-1.68511706640712","trough"
"552","E","0.169868319393199","-1.65920816959076","trough"
"553","E","0.169088060707625","-1.66502905513356","trough"
"554","E","0.175251361036979","-1.61966293342216","trough"
"555","E","0.357073265826276","-0.631929025797023","trough"
"556","E","0.167001131514407","-1.68071260333326","trough"
"557","E","0.921515112502607","2.33227639910668","trough"
"558","E","0.823439468094483","1.47251576038327","trough"
"559","E","0.940200731070862","2.58977686679948","trough"
"560","E","0.193620878699164","-1.49200566637789","trough"
"561","E","0.872953544739229","1.84004090182346","trough"
"562","E","0.247424796354673","-1.16685020494597","trough"
"563","E","0.182501020838745","-1.5680047192488","trough"
"564","E","0.23384735594542","-1.24338483420249","trough"
"565","E","0.701989671568446","0.809437713747151","trough"
"566","E","0.178338191840401","-1.59745087499922","trough"
"567","E","0.166353202557733","-1.68561635360898","trough"
"568","E","0.172666621174516","-1.63851945572964","trough"
"569","E","0.182702056120262","-1.56659701003912","trough"
"570","E","0.208003427763608","-1.39881999135582","trough"
"571","E","0.1770148087122","-1.60693338103443","trough"
"572","E","0.164576692485181","-1.69914709289348","trough"
"573","E","0.167891946505711","-1.6739974193773","trough"
"574","E","0.178495413039539","-1.59632828800199","trough"
"575","E","0.305054712997251","-0.870959385782296","trough"
"576","E","0.170824406833939","-1.65210684418591","trough"
"577","E","0.179279184324304","-1.59074444636695","trough"
"578","E","0.166207941238596","-1.68671801205618","trough"
"579","E","0.183669773845464","-1.55983883861002","trough"
"580","E","0.225325084547034","-1.29312060424514","trough"
"581","E","0.340178832517821","-0.707376338154015","trough"
"582","E","0.227860054619874","-1.27818077745564","trough"
"583","E","0.661934419309444","0.627553060706361","trough"
"584","E","0.175227337223087","-1.61983710067864","trough"
"585","E","0.169392421121464","-1.66275571962848","trough"
"586","E","0.195333815985995","-1.48061982934897","trough"
"587","E","0.209931298494223","-1.38672380085601","trough"
"588","E","0.17152726415381","-1.64690811864112","trough"
"589","E","0.168525949513046","-1.6692368767024","trough"
"590","E","0.166362491535452","-1.68554593459039","trough"
"591","E","0.166227910537413","-1.68656651588594","trough"
"592","E","0.166192815595505","-1.68683277255856","trough"
"593","E","0.166188288138242","-1.68686712481082","trough"
"594","E","0.16627824783345","-1.68618470430184","trough"
"595","E","0.166286394967331","-1.68612291719635","trough"
"596","E","0.171511586080531","-1.64702388301424","trough"
"597","E","0.174503541572929","-1.62509400986761","trough"
"598","E","0.270352962502525","-1.04413483758718","trough"
"599","E","0.478223800943097","-0.127276333610748","trough"
"600","E","0.495807793675369","-0.0567840784114974","trough"
"601","E","0.199863046796343","-1.45090030548395","trough"
"602","E","0.176733371859385","-1.60895771191378","trough"
"603","E","0.23417392206437","-1.24150618032102","trough"
"604","E","0.255218071927564","-1.1242809663872","trough"
"605","E","0.143291470668433","-1.87216449809557","trough"
"606","E","0.199654329199811","-1.45225781552033","trough"
"607","E","0.187216811447218","-1.53531881917515","trough"
"608","E","0.448069989081039","-0.248998616373627","trough"
"609","E","0.172963986013568","-1.63633786533385","trough"
"610","E","0.163381198113293","-1.70832422283057","trough"
"611","E","0.189896979368928","-1.51704561707916","trough"
"612","E","0.197061206522456","-1.46921995103045","trough"
"613","F","0.51697632078454","0.0279070941812615","peak"
"614","F","0.204514003735864","-1.42094165821026","peak"
"615","F","0.383651935684834","-0.516581519026181","peak"
"616","F","0.188013137745209","-1.52986705714426","peak"
"617","F","0.212329384611081","-1.37179876329384","peak"
"618","F","0.183814394254429","-1.55883142237289","peak"
"619","F","0.194847064502222","-1.48384694172919","peak"
"620","F","0.225845760689819","-1.2900416530812","peak"
"621","F","0.195246450730254","-1.48119856933487","peak"
"622","F","0.271971123049094","-1.03574867217788","peak"
"623","F","0.193552693130535","-1.49246059265895","peak"
"624","F","0.260421193296427","-1.09636718430748","peak"
"625","F","0.174147502195392","-1.62768673225137","peak"
"626","F","0.117641200271362","-2.11506481696113","trough"
"627","F","0.0977911205741313","-2.34090863519437","trough"
"628","F","0.149629810115032","-1.81836804294578","trough"
"629","F","0.163320781697294","-1.70878955703303","trough"
"630","F","0.135341671497782","-1.94278994797129","trough"
"631","F","0.126522342796113","-2.02578296420479","trough"
"632","F","0.175310952060567","-1.61923099952431","trough"
"633","F","0.130230045751307","-1.99025350215246","trough"
"634","F","0.146170103315748","-1.8474710067208","trough"
"635","F","0.148894389143647","-1.8245033035879","trough"
"636","F","0.122761421620872","-2.06283964472647","trough"
"637","F","0.131462981840682","-1.9786485045065","trough"
"638","F","0.526693465086174","0.0667986876053109","trough"
"639","F","0.722550303934308","0.90780263694162","trough"
"640","F","0.119202119117974","-2.09891708752252","trough"
"641","F","0.161443910478409","-1.72332085828376","trough"
"642","F","0.169820924960291","-1.6595610842455","trough"
"643","F","0.298443577291655","-0.902955221276163","trough"
"644","F","0.352632111907057","-0.651586501681458","trough"
"645","F","0.122473797190956","-2.06571776454796","trough"
"646","F","0.157523061503632","-1.75416164443882","trough"
"647","F","0.14379551734929","-1.86780835933124","trough"
"648","F","0.144698044136999","-1.86004296476967","trough"
"649","F","0.166189796157141","-1.68685568257058","trough"
"650","F","0.206452890695278","-1.40861315302516","trough"
"651","F","0.187961319187947","-1.53022123215359","trough"
"652","F","0.159265055192611","-1.74037699734983","trough"
"653","F","0.380452201654575","-0.53027735521923","trough"
"654","F","0.0840142859298113","-2.52660067927981","trough"
"655","F","0.629344734785935","0.486767889948022","trough"
"656","F","0.10259203620678","-2.28238900782104","trough"
"657","F","0.134847692778223","-1.94730340000144","trough"
"658","F","0.166282970175049","-1.68614889018271","trough"
"659","F","0.103903959308196","-2.26687275512162","trough"
"660","F","0.176492039131757","-1.61069575802196","trough"
"661","F","0.202932568483542","-1.43106648128024","trough"
"662","F","0.181923999981071","-1.57205241904639","trough"
"663","F","0.180759721520599","-1.58025252342466","trough"
"664","F","0.175087539506017","-1.62085100594984","trough"
"665","F","0.17329908438594","-1.63388328460073","trough"
"666","F","0.167822431505581","-1.6745203311545","trough"
"667","F","0.166238148264084","-1.68648885396011","trough"
"668","F","0.168176473137051","-1.67185907590053","trough"
"669","F","0.113632098445001","-2.15750382072606","trough"
"670","F","0.107017766414967","-2.23080875769626","trough"
"671","G","0.903715079764449","2.12926360680488","peak"
"672","G","0.877168660520709","1.87615329207796","peak"
"673","G","0.923837235332764","2.36141435616255","peak"
"674","G","0.774937801833077","1.1799443735526","peak"
"675","G","0.967736258521","3.12064289277991","peak"
"676","G","0.959500729361686","2.93397740503413","peak"
"677","G","0.655195609318088","0.597986915630446","peak"
"678","G","0.596074980927448","0.347762891121742","peak"
"679","G","0.799046708596842","1.31918877762309","peak"
"680","G","0.781721927709585","1.2180597867341","peak"
"681","G","0.87986992442927","1.89980915679924","peak"
"682","G","0.953568405927602","2.81663968423727","peak"
"683","G","0.803837736521864","1.348215532785","peak"
"684","G","0.77967401849793","1.20647145624392","peak"
"685","G","0.973413691916015","3.27080883182325","peak"
"686","G","0.804133096557848","1.35002121492398","peak"
"687","G","0.92725853697922","2.40566852731441","peak"
"688","G","0.234030983731911","-1.2423282293751","trough"
"689","G","0.179055612266128","-1.59233514305883","trough"
"690","G","0.183519929152605","-1.56088334603977","trough"
"691","G","0.228839862001876","-1.27243993246621","trough"
"692","G","0.8472798874442","1.63812678417898","trough"
"693","G","0.16704788912159","-1.68035936332538","trough"
"694","G","0.453381056934276","-0.227451308073605","trough"
"695","G","0.314291635365179","-0.826943987787835","trough"
"696","G","0.175464323099279","-1.61811989343412","trough"
"697","G","0.195056264766515","-1.48245916162235","trough"
"698","G","0.16893974586379","-1.66613812966196","trough"
"699","G","0.167160946609072","-1.67950560063867","trough"
"700","G","0.213936691730534","-1.36186910465744","trough"
"701","G","0.746548141430843","1.02810394755113","trough"
"702","G","0.360150493436304","-0.618377764404712","trough"
"703","G","0.220567908330001","-1.32150560965561","trough"
"704","G","0.506329974929456","-0.0146803639273709","trough"
"705","G","0.174083223217042","-1.62815530107555","trough"
"706","G","0.171414373890137","-1.64774188481839","trough"
"707","G","0.166212126749137","-1.68668625756512","trough"
"708","G","0.16645680615338","-1.68483113568922","trough"
"709","G","0.199865541429871","-1.45088408717078","trough"
"710","G","0.237096205515177","-1.22478084297285","trough"
"711","G","0.290441644657867","-0.942271965564128","trough"
"712","G","0.376617217805566","-0.546756650094088","trough"
"713","G","0.481560927581453","-0.1138792002177","trough"
"714","G","0.176220031735381","-1.61265713748061","trough"
"715","G","0.321831660016595","-0.791569997241983","trough"
"716","G","0.435035092650944","-0.302137271778586","trough"
"717","G","0.783839569262994","1.2301199593002","trough"
"718","G","0.232244992554692","-1.25263123067829","trough"
"719","G","0.224419878774259","-1.29848630971928","trough"
"720","G","0.332221921430477","-0.743579411469897","trough"
"721","G","0.341215608731039","-0.70269217387278","trough"
"722","G","0.179935885616817","-1.5860817215688","trough"
"723","G","0.171524409522836","-1.64692919610187","trough"
"724","G","0.835386195226567","1.55327468680902","trough"
"725","G","0.241968233119288","-1.19723065933707","trough"
"726","H","0.931","2.45601218378829","peak"
"727","H","0.494","-0.064021858764931","peak"
"728","H","0.704","0.818886858554424","peak"
"729","H","1","4.59511985013459","peak"
"730","H","1","4.59511985013459","peak"
"731","H","0.758","1.08797389046305","peak"
"732","H","0.953","2.80601501479891","peak"
"733","H","1","4.59511985013459","peak"
"734","H","0.884","1.93679846870406","peak"
"735","H","0.222","-1.31291181518587","peak"
"736","H","0.872","1.83200158550649","peak"
"737","H","0.313","-0.833052605251155","peak"
"738","H","0.586","0.306374205463933","peak"
"739","H","0.928","2.41547814335624","peak"
"740","H","0.942","2.61782510950948","peak"
"741","H","0.834","1.54368653487132","peak"
"742","H","0.922","2.33830317559613","peak"
"743","H","0.957","2.88300717963396","peak"
"744","H","0.31","-0.847297860387204","peak"
"745","H","0.95","2.75153531304195","peak"
"746","H","0.609","0.40130017080888","peak"
"747","H","0.818","1.43706668649331","peak"
"748","H","0.962","2.98736402388347","peak"
"749","H","0.818","1.43706668649331","peak"
"750","H","0.904","2.13226668106145","peak"
"751","H","0.943","2.63371258145638","peak"
"752","H","0.957","2.88300717963396","peak"
"753","H","0.792","1.27735967775622","peak"
"754","H","0.18","-1.58562726374038","peak"
"755","H","0.851","1.66568745775272","peak"
"756","H","0.717","0.880858056879505","peak"
"757","H","0.729","0.939506688387301","peak"
"758","H","0.939","2.57142886177252","peak"
"759","H","0.646","0.558044695703381","peak"
"760","H","0.204","-1.4242255834433","peak"
"761","H","0.598","0.3557035985491","peak"
"762","H","0.687","0.740018949689619","peak"
"763","H","0.34","-0.708185057924486","peak"
"764","H","0.73","0.944461608840851","peak"
"765","H","0.617","0.434719179190237","peak"
"766","H","0.939","2.57142886177252","peak"
"767","H","0.687","0.740018949689619","peak"
"768","H","0.932","2.469836396867","peak"
"769","H","0.225","-1.29504568965475","peak"
"770","H","0.625","0.468378933518734","peak"
"771","H","0.423","-0.351577226867064","peak"
"772","H","0.556","0.184521777703557","peak"
"773","H","0.905","2.14286336811733","peak"
"774","H","0.598","0.3557035985491","peak"
"775","H","0.631","0.493794876851052","peak"
"776","H","0.73","0.944461608840851","peak"
"777","H","0.666","0.645519131570691","peak"
"778","H","0.579","0.277772344022583","peak"
"779","H","0.434230756285725","-0.305429418163326","peak"
"780","H","0.333","-0.740018949689618","peak"
"781","H","0.935","2.51230562397612","peak"
"782","H","0.381","-0.527929194093005","peak"
"783","H","0.978","3.40949618447685","peak"
"784","H","1","4.59511985013459","peak"
"785","H","0.62","0.447312218043665","peak"
"786","H","0.945","2.66615925939305","peak"
"787","H","0.508","-0.00800004266707626","peak"
"788","H","0.946","2.68273239311792","peak"
"789","H","0.847","1.63607386968271","peak"
"790","H","0.733","0.959391715971426","peak"
"791","H","0.302","-0.885690291425438","peak"
"792","H","0.948","2.71661556396113","peak"
"793","H","0.983","3.58454721618167","peak"
"794","H","0.765","1.1254595387043","peak"
"795","H","0.918","2.28945580155225","peak"
"796","H","0.923","2.35082776194039","peak"
"797","H","0.896","2.05051850221059","peak"
"798","H","0.75","1.04596855518269","peak"
"799","H","0.654","0.592767995252323","peak"
"800","H","0.31","-0.847297860387204","peak"
"801","H","0.687","0.740018949689619","peak"
"802","H","0.976","3.34680330959636","peak"
"803","H","0.905","2.14286336811733","peak"
"804","H","0.447","-0.2533464330441","peak"
"805","H","0.938","2.55636561377014","peak"
"806","H","0.435","-0.302280871872934","peak"
"807","H","0.875","1.85745472849345","peak"
"808","H","0.918","2.28945580155225","peak"
"809","H","0.953","2.80601501479891","peak"
"810","H","0.48","-0.120144311842063","peak"
"811","H","0.662","0.627842082152179","peak"
"812","H","0.817","1.43063347936506","peak"
"813","H","0.623","0.45994024290643","peak"
"814","H","0.929","2.42883696768325","peak"
"815","H","0.962","2.98736402388347","peak"
"816","H","0.615","0.42634269312972","peak"
"817","H","0.908","2.17519725501793","peak"
"818","H","0.641","0.536509218500686","peak"
"819","H","0.303","-0.880858056879506","peak"
"820","H","0.828","1.50285564952595","peak"
"821","H","0.882","1.91875915998936","peak"
"822","H","0.95","2.75153531304195","peak"
"823","H","0.992","3.9992195504583","peak"
"824","H","0.614","0.422159986680334","peak"
"825","H","0.925","2.37627280878521","peak"
"826","H","0.982","3.54715129428523","peak"
"827","H","0.281","-0.989554911128957","peak"
"828","H","0.199","-1.45652103905577","peak"
"829","H","0.476","-0.136210204834549","peak"
"830","H","0.795","1.29504568965475","peak"
"831","H","0.471","-0.156317527912349","peak"
"832","H","0.889","1.98299435208844","peak"
"833","H","0.967","3.10260327575939","peak"
"834","H","0.955","2.84385174226127","peak"
"835","H","0.575","0.261479700057757","peak"
"836","H","0.67","0.663294217410264","peak"
"837","H","0.261","-1.09328604438544","peak"
"838","H","0.949","2.73394161503495","peak"
"839","H","0.966","3.07856827913314","peak"
"840","H","0.966","3.07856827913314","peak"
"841","H","0.844","1.6142456140022","peak"
"842","H","0.828","1.50285564952595","peak"
"843","H","0.711","0.852064313643903","peak"
"844","H","0.595","0.343333327001158","peak"
"845","H","0.813","1.40515098520877","peak"
"846","H","0.994","4.11903717481247","peak"
"847","H","0.467","-0.172425929039731","peak"
"848","H","0.467","-0.172425929039731","peak"
"849","H","0.918","2.28945580155225","peak"
"850","H","0.909","2.18616251763036","peak"
"851","H","0.835","1.55059741241117","peak"
"852","H","0.97","3.17805383034794","peak"
"853","H","0.483","-0.108105160049429","peak"
"854","H","0.517","0.0280018295484931","peak"
"855","H","0.935","2.51230562397612","peak"
"856","H","0.861","1.74246582262791","peak"
"857","H","0.879","1.89214580206424","peak"
"858","H","0.858","1.71900011494563","peak"
"859","H","0.887","1.96432263699977","peak"
"860","H","0.732","0.954404025202189","peak"
"861","H","0.74","0.994622575144062","peak"
"862","H","0.474","-0.144249608844547","peak"
"863","H","0.253","-1.1363018100969","peak"
"864","H","0.727","0.929628942956383","peak"
"865","H","0.805","1.35533213551592","peak"
"866","H","0.208","-1.39884157717198","peak"
"867","H","0.447","-0.2533464330441","peak"
"868","H","0.603","0.37638121355513","peak"
"869","H","0.566","0.224943731818357","peak"
"870","H","0.922","2.33830317559613","peak"
"871","H","0.934","2.49797873135535","peak"
"872","H","0.956","2.8632585224876","peak"
"873","H","0.902","2.11133490545579","peak"
"874","H","0.47","-0.16034265007518","peak"
"875","H","0.703","0.814182251602706","peak"
"876","H","0.918","2.28945580155225","peak"
"877","H","0.887","1.96432263699977","peak"
"878","H","0.294","-0.92470592879944","peak"
"879","H","0.317","-0.814182251602706","peak"
"880","H","0.93","2.44234703536921","peak"
"881","H","0.793","1.28323534245034","peak"
"882","H","0.259","-1.10395275529943","peak"
"883","H","0.91","2.19722457733622","peak"
"884","H","0.757","1.0826756964053","peak"
"885","H","0.382","-0.523646312195052","peak"
"886","H","0.452","-0.233049080303613","peak"
"887","H","0.997","4.32972068197194","peak"
"888","H","0.749","1.04077751362551","peak"
"889","H","0.733","0.959391715971426","peak"
"890","H","0.77","1.15267950993839","peak"
"891","H","0.338","-0.717244732139006","peak"
"892","H","0.867","1.79059328833787","peak"
"893","H","0.929","2.42883696768325","peak"
"894","H","0.701","0.804798546869924","peak"
"895","H","0.861","1.74246582262791","peak"
"896","H","0.903","2.12175774641459","peak"
"897","H","0.995","4.18459144006988","peak"
"898","H","0.274","-1.02528101558256","peak"
"899","H","0.988","3.7944672166765","peak"
"900","H","0.347","-0.676692059833501","peak"
"901","H","0.969","3.15231900817913","peak"
"902","H","0.488339455450974","-0.0866964402525945","peak"
"903","H","0.372839645668254","-0.56306036834206","peak"
"904","H","0.433516021797271","-0.308356202579951","peak"
"905","H","0.723898606464864","0.914394673661636","peak"
"906","H","0.850895110754955","1.66490326700879","peak"
"907","H","0.86504532405759","1.77473336427558","peak"
"908","H","0.868629354047131","1.80395220736999","peak"
"909","H","0.877885528157974","1.88239106826041","peak"
"910","H","0.90284574869063","2.12014443475234","peak"
"911","H","0.29015776153693","-0.94367919619521","peak"
"912","H","0.93880299579202","2.56844591401998","peak"
"913","H","0.255831759579848","-1.12096807583247","peak"
"914","H","0.950236740273414","2.7557406086083","peak"
"915","H","0.939398874289141","2.57749191614183","peak"
"916","H","0.961318972063883","2.97256002923014","peak"
"917","H","0.917823903215121","2.28734957761193","peak"
"918","H","0.937199907627166","2.54445196834052","peak"
"919","H","0.839907905575468","1.58497471522094","peak"
"920","H","0.916206067835746","2.26816656328364","peak"
"921","H","0.672077323303717","0.672565249548651","peak"
"922","H","0.880661478949269","1.90682008201495","peak"
"923","H","0.756170499295556","1.07829134086889","peak"
"924","H","0.977499391868694","3.39345599545113","peak"
"925","H","0.835745291563489","1.5557682918105","peak"
"926","H","0.947634160811202","2.71034217589827","peak"
"927","H","1","4.59511985013459","peak"
"928","H","0.924010614776186","2.36361832392178","peak"
"929","H","1","4.59511985013459","peak"
"930","H","0.770845366717167","1.15731979583367","peak"
"931","H","0.754906844972741","1.07163037797636","peak"
"932","H","0.898995384654061","2.08052026374413","peak"
"933","H","0.641723914164343","0.53961956389204","peak"
"934","H","0.775046196162184","1.18054730373707","peak"
"935","H","0.975821125251112","3.34137089070484","peak"
"936","H","0.41099569907711","-0.401318076505882","peak"
"937","H","0.956789999477681","2.87883095671523","peak"
"938","H","0.894010757335878","2.03097178034356","peak"
"939","H","0.868340167246403","1.80157184653212","peak"
"940","H","0.554183438044517","0.177195940137635","peak"
"941","H","0.766026142529762","1.13101487760976","peak"
"942","H","0.970937392046322","3.20274356698593","peak"
"943","H","0.965466626547914","3.06596096202976","peak"
"944","H","1","4.59511985013459","peak"
"945","H","0.960071981429665","2.94595541207618","peak"
"946","H","0.975947249749843","3.34519842557384","peak"
"947","H","0.947155197735214","2.7021806701346","peak"
"948","H","0.883446943778912","1.93178575091831","peak"
"949","H","0.893540131721457","2.02638997893144","peak"
"950","H","0.886065061488089","1.95568362079625","peak"
"951","H","0.897001741421488","2.06047453779481","peak"
"952","H","0.915539002099652","2.2603433201658","peak"
"953","H","0.962875425842621","3.0066895679321","peak"
"954","H","0.916956742404987","2.27703023548771","peak"
"955","H","0.909151838016715","2.18783587779888","peak"
"956","H","0.909903604536511","2.19615397520043","peak"
"957","H","0.869800018917464","1.81362998639585","peak"
"958","H","0.662455412697307","0.629849838272387","peak"
"959","H","0.859539709077194","1.73099548239142","peak"
"960","H","0.921774874713161","2.33550132205663","peak"
"961","H","1","4.59511985013459","peak"
"962","H","0.843588194571036","1.61127403695782","peak"
"963","H","1","4.59511985013459","peak"
"964","H","0.9721646152318","3.23594078399996","peak"
"965","H","0.941388863348469","2.60822201016742","peak"
"966","H","0.950620359708969","2.76258820315423","peak"
"967","H","1","4.59511985013459","peak"
"968","H","0.967367777249492","3.11157724993269","peak"
"969","H","0.833003925657909","1.53683341713277","peak"
"970","H","0.946808018272955","2.69630094976581","peak"
"971","H","0.881798606322111","1.91695602563204","peak"
"972","H","0.878583935965451","1.88849587425666","peak"
"973","H","0.860809624956207","1.74096522083418","peak"
"974","H","0.522957422124691","0.0518412957556629","peak"
"975","H","0.931723026172839","2.465991289507","peak"
"976","H","0.905917761613472","2.15266728447201","peak"
"977","H","0.969355219876505","3.16139099534232","peak"
"978","H","0.944910235730885","2.66468321415077","peak"
"979","H","0.947628412173539","2.71024387305937","peak"
"980","H","0.893362983490872","2.02466950665714","peak"
"981","H","0.941787097446318","2.61447061841372","peak"
"982","H","0.902389480528158","2.11538426708783","peak"
"983","H","0.966278407588042","3.08520700637271","peak"
"984","H","0.971847043803875","3.22725219641274","peak"
"985","H","0.941955153652999","2.61711770222865","peak"
"986","H","0.402933107142643","-0.434999600839793","peak"
"987","H","0.322042168568172","-0.79058921018744","peak"
"988","H","0.821977116371724","1.46290848110684","peak"
"989","H","0.932584307976124","2.47798926312542","peak"
"990","H","0.893637271736127","2.027334372238","peak"
"991","H","0.71788059934474","0.885112809435757","peak"
"992","H","1","4.59511985013459","peak"
"993","H","0.723841410573393","0.914114658004268","peak"
"994","H","0.920163302167897","2.31563048268682","peak"
"995","H","0.979134850818188","3.44677607794005","peak"
"996","H","0.862771436949963","1.75650532966266","peak"
"997","H","0.931396674757635","2.46147663917044","peak"
"998","H","0.912172090532575","2.22159538038785","peak"
"999","H","0.438628558631538","-0.287448795259026","peak"
"1000","H","0.851614611507635","1.67029097265583","peak"
"1001","H","0.193954689602563","-1.48978040574639","trough"
"1002","H","0.236175742451293","-1.23003247183041","trough"
"1003","H","0.169234065799185","-1.66393807113547","trough"
"1004","H","0.181317890982519","-1.57631577613405","trough"
"1005","H","0.180748142687983","-1.58033429655849","trough"
"1006","H","0.183800782063264","-1.55892621577379","trough"
"1007","H","0.192279898289379","-1.50097669569558","trough"
"1008","H","0.147249321743203","-1.83832660951892","trough"
"1009","H","0.907944444331808","2.17459087196557","trough"
"1010","H","0.567503532550312","0.231036358475743","trough"
"1011","H","0.207747112895395","-1.40043487197199","trough"
"1012","H","0.264465299838338","-1.07493719899741","trough"
"1013","H","0.312007264136024","-0.837757625120418","trough"
"1014","H","0.204861053816925","-1.4187281064237","trough"
"1015","H","0.317013783651098","-0.814117464698044","trough"
"1016","H","0.815350812317822","1.42007907336316","trough"
"1017","H","0.792437390271337","1.27992723685415","trough"
"1018","H","0.721889190451027","0.904577106396193","trough"
"1019","H","0.316826030032177","-0.815000097054269","trough"
"1020","H","0.248145030141894","-1.16287635087687","trough"
"1021","H","0.61918399669015","0.443883481832374","trough"
"1022","H","0.2415419379853","-1.19962497554292","trough"
"1023","H","0.169211898943657","-1.66410365480589","trough"
"1024","H","0.187664598354115","-1.53225084913755","trough"
"1025","H","0.166269701216992","-1.68624952386676","trough"
"1026","H","0.668984575949858","0.658772420913993","trough"
"1027","H","0.194223074528318","-1.48799355708363","trough"
"1028","H","0.498883516174552","-0.0444732640513317","trough"
"1029","H","0.263326643897248","-1.08094807661216","trough"
"1030","H","0.536667842886705","0.106772693727398","trough"
"1031","H","0.307636392182131","-0.858578648744519","trough"
"1032","H","0.204274614127005","-1.42247027726182","trough"
"1033","H","0.268430839320568","-1.05414031653967","trough"
"1034","H","0.301318859336938","-0.888987290447641","trough"
"1035","H","0.167599077111202","-1.67620173485293","trough"
"1036","H","0.180305950120823","-1.58346049212032","trough"
"1037","H","0.229274332640507","-1.2699002236007","trough"
"1038","H","0.306604104056248","-0.863521618809834","trough"
"1039","H","0.196892713244774","-1.4703283386228","trough"
"1040","H","0.168133457072463","-1.67218216007999","trough"
"1041","H","0.167960702486042","-1.67348040113639","trough"
"1042","H","0.207942997732655","-1.39920058148004","trough"
"1043","H","0.204759872041625","-1.41937315422887","trough"
"1044","H","0.271516519582513","-1.03810127870896","trough"
"1045","H","0.235653515801249","-1.23301872050228","trough"
"1046","H","0.210324699631851","-1.38426622247995","trough"
"1047","H","0.201105575039637","-1.44284238363965","trough"
"1048","H","0.183265032506536","-1.56266176702541","trough"
"1049","H","0.233558236509191","-1.24504969490335","trough"
"1050","H","0.187840590571611","-1.53104671454597","trough"
"1051","H","0.144535109642077","-1.86144160485186","trough"
"1052","H","0.168952970049397","-1.66603920725854","trough"
"1053","H","0.261156315717649","-1.09245474544064","trough"
"1054","H","0.186630887453231","-1.53934242302654","trough"
"1055","H","0.191295002185989","-1.50759827009775","trough"
"1056","H","0.362294125852883","-0.608970283887531","trough"
"1057","H","0.251007175643715","-1.14716561577225","trough"
"1058","H","0.16619283026862","-1.68683266122707","trough"
"1059","H","0.189868543032103","-1.51723837319407","trough"
"1060","H","0.220043656213632","-1.32466228706061","trough"
"1061","H","0.193015770521102","-1.49604746487102","trough"
"1062","H","0.290112366675816","-0.943904302780604","trough"
"1063","H","0.423187772037402","-0.350802740952901","trough"
"1064","H","0.232339803077052","-1.25208280776708","trough"
"1065","H","0.59640156623956","0.349109285168544","trough"
"1066","H","0.759631158512021","1.09664610038091","trough"
"1067","H","0.299100004585053","-0.899759101603744","trough"
"1068","H","0.183542283078341","-1.56072748055424","trough"
"1069","H","0.210295036668163","-1.38445140093601","trough"
"1070","H","0.167228098947518","-1.67899873087222","trough"
"1071","H","0.302381772507636","-0.883844333145641","trough"
"1072","H","0.185590842267887","-1.5465104285677","trough"
"1073","H","0.172045110499872","-1.64308951154232","trough"
"1074","H","0.59028480513689","0.323942652567835","trough"
"1075","H","0.181074298991612","-1.57803256711652","trough"
"1076","H","0.1670590956194","-1.68027471423476","trough"
"1077","H","0.16940148040918","-1.66268810773748","trough"
"1078","H","0.286028910345293","-0.964245852312912","trough"
"1079","H","0.202126449906372","-1.43625180035246","trough"
"1080","H","0.296131801132582","-0.914245802090778","trough"
"1081","H","0.334891251619185","-0.731383270675556","trough"
"1082","H","0.163647716579389","-1.70627325630994","trough"
"1083","H","0.181418813437251","-1.57560506081128","trough"
"1084","H","0.404681865363196","-0.427674125953927","trough"
"1085","H","0.203451473331568","-1.42773736801171","trough"
"1086","H","0.221616615272663","-1.31520828139892","trough"
"1087","H","0.268170755707883","-1.05549787786869","trough"
"1088","H","0.203566997107808","-1.42699713185881","trough"
"1089","H","0.486798529964866","-0.0928725772202126","trough"
"1090","H","0.517225626085175","0.0289045165798872","trough"
"1091","H","0.167411232614097","-1.67761732162677","trough"
"1092","H","0.400544804896535","-0.445022735365394","trough"
"1093","H","0.459962642828439","-0.200821634668474","trough"
"1094","H","0.170133549115042","-1.6572347431063","trough"
"1095","H","0.169090604511346","-1.66501004029351","trough"
"1096","H","0.572728768577096","0.252244081658083","trough"
"1097","H","0.386639336287585","-0.50383720387003","trough"
"1098","H","0.222965210553324","-1.30714363094835","trough"
"1099","H","0.60446457836135","0.382452909387453","trough"
"1100","H","0.676518742687079","0.692481596469112","trough"
"1101","H","0.3059071177875","-0.866864668593492","trough"
"1102","H","0.198488048627621","-1.4598645119817","trough"
"1103","H","0.125029494034002","-2.04036575251913","trough"
"1104","H","0.130882760979061","-1.98409710815261","trough"
"1105","H","0.120959796341223","-2.08097451737483","trough"
"1106","H","0.112855981145304","-2.16588663683747","trough"
"1107","H","0.130064530485489","-1.99181922239643","trough"
"1108","H","0.228465282402734","-1.27463246187766","trough"
"1109","H","0.144206531599512","-1.86426649698404","trough"
"1110","H","0.170731532142904","-1.6527951698725","trough"
"1111","H","0.16980371053274","-1.6596892895591","trough"
"1112","H","0.166418501651653","-1.68512139846156","trough"
"1113","H","0.169178872743862","-1.6643503911031","trough"
"1114","H","0.169823818246769","-1.65953953744686","trough"
"1115","H","0.172587834469605","-1.63909800566608","trough"
"1116","H","0.182900283035923","-1.56521023481508","trough"
"1117","H","0.18320856809512","-1.56305600051804","trough"
"1118","H","0.183574411813499","-1.56050348679118","trough"
"1119","H","0.242311260466811","-1.19530625151575","trough"
"1120","H","0.281866074612462","-0.985175422429476","trough"
"1121","H","0.705337369725165","0.825192117702223","trough"
"1122","H","0.148115323524003","-1.83103246183966","trough"
"1123","H","0.160055667617976","-1.73416451332207","trough"
"1124","H","0.182885131643939","-1.56531618799834","trough"
"1125","H","0.266562034773759","-1.06391483993487","trough"
"1126","H","0.250345701491966","-1.15078514960002","trough"
"1127","H","0.169418547316789","-1.66256074129273","trough"
"1128","H","0.174214619950158","-1.62719762718742","trough"
"1129","H","0.144073266240647","-1.86541388841376","trough"
