species,hw.trans.peak,time
A,-1.057525721,peak
A,-1.181594374,peak
A,-0.857549032,peak
A,-0.906943482,peak
A,-0.683311098,peak
A,-1.045406442,peak
A,0.39644834,peak
A,-0.911712673,peak
A,0.075361539,peak
A,-0.658604181,peak
A,-1.382829825,peak
A,-0.181548712,peak
A,-0.756344688,peak
A,-1.071679713,peak
A,-0.355856811,peak
A,-0.025394889,peak
A,-0.298698533,peak
A,-0.327301567,peak
A,-0.690310341,peak
A,-1.031148645,peak
A,-0.320971086,peak
A,-0.840068359,peak
A,-0.645541865,peak
A,-0.373610916,peak
A,-0.551801243,peak
A,-0.40197897,peak
A,-0.846983137,peak
A,-0.443204872,peak
A,-0.491817252,peak
A,-0.553493283,peak
A,-0.403272967,peak
A,-0.617121658,peak
A,-0.975805764,peak
A,-0.542772621,peak
A,-0.502966351,peak
A,-1.593509455,peak
A,-0.600072492,peak
A,-1.455232559,peak
A,-1.179818105,peak
A,-1.173747244,peak
A,-1.075894717,peak
A,-1.012550233,peak
A,-0.838460844,peak
A,-0.676071518,peak
A,-0.249964624,peak
A,-0.227744445,peak
A,0.219542655,peak
A,-0.395889657,peak
A,-0.474228466,peak
A,-0.830891735,peak
A,-0.426342693,trough
A,-0.464157559,trough
A,-0.712711386,trough
A,-1.004793533,trough
A,-0.519368121,trough
A,-1.236762627,trough
A,-0.949427355,trough
A,-1.337023312,trough
A,-1.361479192,trough
A,-1.130873151,trough
A,-1.202673259,trough
A,-1.072120673,trough
A,-1.248268579,trough
A,-1.265666373,trough
A,-1.361479192,trough
A,-1.306936083,trough
A,-1.114676891,trough
A,-1.242506468,trough
A,-1.443525489,trough
A,-1.093286044,trough
A,-1.185861054,trough
A,-1.158169806,trough
A,-1.380056038,trough
A,-1.093286044,trough
A,-1.337023312,trough
A,-1.185861054,trough
A,-1.225329031,trough
A,-1.254049142,trough
A,-1.3676487,trough
A,-1.27150342,trough
A,-1.523137304,trough
A,-1.234198723,trough
A,-1.153757795,trough
A,-1.057525721,trough
A,-1.091659813,trough
A,-1.124456589,trough
A,-1.449355907,trough
A,-1.803642745,trough
A,-1.372446543,trough
A,-1.311200865,trough
A,-1.004866766,trough
A,-1.686303908,trough
A,-1.560376849,trough
A,-1.342978918,trough
A,-1.48946157,trough
A,0.055145479,trough
A,-1.382829825,trough
A,-0.181548712,trough
A,-0.756344688,trough
A,-1.071679713,trough
A,-0.355856811,trough
A,-0.025394889,trough
A,-0.298698533,trough
A,-1.018195553,trough
A,-1.125629364,trough
A,-1.171227808,trough
A,-1.159678958,trough
A,-1.039565348,trough
A,-1.200756892,trough
A,-1.210122069,trough
A,-1.45502208,trough
A,-1.102577399,trough
A,-1.06037498,trough
A,-1.296069523,trough
A,-1.214667204,trough
A,-1.205392365,trough
A,-1.380412398,trough
A,-1.138103374,trough
A,-1.025300557,trough
A,-1.218408291,trough
A,-1.213048378,trough
A,-1.246528117,trough
A,-1.403044056,trough
A,-1.236584325,trough
A,-0.709031512,trough
A,-1.120439758,trough
A,-0.429218014,trough
A,-0.651142148,trough
A,-0.97633837,trough
A,-1.162869253,trough
A,-1.164315306,trough
A,-1.241152461,trough
A,-1.127727876,trough
A,-0.817851891,trough
A,-0.867849852,trough
A,-0.992872914,trough
A,-1.133273094,trough
A,-1.260057535,trough
A,-1.682201221,trough
A,-1.62600637,trough
A,-1.525490539,trough
A,-1.518857411,trough
A,-1.42628119,trough
A,-1.371209859,trough
A,-1.075894717,trough
A,-0.838460844,trough
A,-1.236501939,trough
A,-0.830891735,trough
A,-0.956620046,trough
B,-0.343333327,peak
B,-0.2614797,peak
B,0.180488376,peak
B,-0.064021859,peak
B,-0.489548225,peak
B,-0.052011722,peak
B,0.064021859,peak
B,0.343333327,peak
B,-0.208754814,peak
B,-0.703665685,peak
B,-0.306374205,peak
B,-0.919793362,peak
B,-0.335100965,peak
B,-0.502301331,peak
B,-0.355703599,peak
B,-0.703665685,peak
B,-0.032002731,peak
B,-0.09607383,peak
B,-0.16034265,peak
B,-0.024001152,peak
B,0.241162057,peak
B,-0.100083459,peak
B,-0.14827104,peak
B,-0.447312218,peak
B,0.068026221,peak
B,0.339215723,peak
B,0.397138665,peak
B,0.032002731,peak
B,0.384674338,peak
B,-0.056014642,peak
B,-0.253346433,peak
B,-0.277772344,peak
B,-0.192593107,peak
B,0.100083459,peak
B,0.493794877,peak
B,-0.084049444,peak
B,0.979454682,peak
B,-0.426342693,peak
B,0.610259521,peak
B,0.044007101,peak
B,-0.755122985,peak
B,0.265971115,peak
B,1.536354066,peak
B,0.987080328,peak
B,-1.45259767,peak
B,-1.515058069,peak
B,-0.858351407,peak
B,0.362451225,peak
B,-0.226526475,peak
B,-1.008995806,peak
B,-1.685606805,peak
B,-1.476761366,peak
B,-1.451422535,peak
B,-0.995808947,peak
B,-0.799366509,peak
B,-1.099566764,peak
B,-1.554871424,peak
B,-1.513856392,peak
B,-1.231731264,peak
B,-1.198928906,peak
B,-1.598608745,trough
B,-1.45259767,trough
B,-1.515058069,trough
B,-1.619582738,trough
B,-1.939934967,trough
B,-0.873980121,trough
B,-1.961472087,trough
B,-2.00569021,trough
B,-1.937440133,trough
B,-1.793957053,trough
B,-1.900163295,trough
B,-1.685606805,trough
B,-1.476761366,trough
B,-1.451422535,trough
B,-0.995808947,trough
B,-0.799366509,trough
B,-1.665111248,trough
B,-1.062237569,trough
B,-1.099566764,trough
B,-1.660607355,trough
B,-1.682672637,trough
B,-1.684792848,trough
B,-1.658237105,trough
B,-1.586428434,trough
B,-1.584305613,trough
B,-1.566635713,trough
B,-1.436421238,trough
B,-1.230510225,trough
B,-1.513856392,trough
B,-1.552336407,trough
B,-1.828171594,trough
B,-1.198928906,trough
C,1.325492022,peak
C,1.412699095,peak
C,-0.157358388,peak
C,-1.024619874,peak
C,-1.686478865,peak
C,-1.4767968,peak
C,-1.292046152,peak
C,-1.247923316,peak
C,1.831794439,peak
C,1.341898793,peak
C,0.753476101,peak
C,-0.040604542,peak
C,2.492772643,peak
C,1.512201282,peak
C,2.676726087,peak
C,0.566285008,peak
C,0.540848469,peak
C,0.723795724,peak
C,1.211242499,peak
C,0.758369966,peak
C,1.025529536,peak
C,1.127026383,peak
C,1.733892318,peak
C,0.619611626,peak
C,1.67367084,peak
C,1.618668908,peak
C,1.319071186,peak
C,1.35309036,peak
C,1.079114423,peak
C,0.763181022,peak
C,1.984910261,peak
C,1.231979248,peak
C,0.658707848,peak
C,1.464336727,peak
C,1.48411548,peak
C,0.37662828,peak
C,1.395407011,peak
C,1.12380272,peak
C,2.719276079,peak
C,1.075055504,peak
C,2.761982623,peak
C,1.489929849,peak
C,1.186414781,peak
C,0.58558659,peak
C,-1.079266658,peak
C,-0.585917057,peak
C,-0.007978829,peak
C,-0.902947972,peak
C,1.022151486,peak
C,-1.165887312,peak
C,1.200099726,peak
C,-0.356348486,peak
C,0.659535205,peak
C,1.472853971,peak
C,-1.656510139,peak
C,-0.814327283,peak
C,-0.293746903,peak
C,0.697947476,peak
C,0.720784372,peak
C,0.789211679,peak
C,0.979039432,peak
C,1.194955314,peak
C,1.822091597,peak
C,1.612461499,peak
C,-1.261111249,peak
C,0.917005567,peak
C,1.126294989,peak
C,-0.866418902,trough
C,-1.643421765,trough
C,-1.29504569,trough
C,-1.098612289,trough
C,-0.703665685,trough
C,-0.852064314,trough
C,-0.434719179,trough
C,-0.99970208,trough
C,-1.08797389,trough
C,0.012000144,trough
C,-0.717244732,trough
C,0.24928294,trough
C,-0.376381214,trough
C,-1.392556122,trough
C,-1.147204844,trough
C,-0.443110708,trough
C,-0.064021859,trough
C,-0.885690291,trough
C,-1.231036874,trough
C,0.176456437,trough
C,-1.306936083,trough
C,0.020000667,trough
C,-0.964390527,trough
C,-1.337023312,trough
C,-1.125459539,trough
C,-0.989554911,trough
C,-0.768678864,trough
C,-1.133838445,trough
C,-1.627356852,trough
C,0.17465878,trough
C,-1.561957883,trough
C,0.179140706,trough
C,-1.329036638,trough
C,-1.555622823,trough
C,-1.430578576,trough
C,-1.424163929,trough
C,-1.024619874,trough
C,-1.686478865,trough
C,-1.4767968,trough
C,-1.292046152,trough
C,-1.247923316,trough
C,0.509022025,trough
C,-1.639485804,trough
C,-0.636363524,trough
C,-0.992959377,trough
C,-0.21527135,trough
C,-1.245279192,trough
C,-1.208632634,trough
C,-0.671452107,trough
C,-1.249065966,trough
C,-0.857756979,trough
C,-1.079266658,trough
C,-0.585917057,trough
C,-0.007978829,trough
C,-0.902947972,trough
C,1.022151486,trough
C,-1.165887312,trough
C,1.200099726,trough
C,-0.356348486,trough
C,-1.491540749,trough
C,-1.656510139,trough
C,-1.29887277,trough
C,-1.033899553,trough
C,-1.27911785,trough
C,-1.261111249,trough
C,-1.358993012,trough
C,1.126294989,trough
D,0.934562498,peak
D,4.59511985,peak
D,4.59511985,peak
D,4.59511985,peak
D,4.59511985,peak
D,4.59511985,peak
D,4.59511985,peak
D,1.599868461,peak
D,1.225329031,peak
D,4.59511985,peak
D,4.59511985,peak
D,2.175197255,peak
D,4.59511985,peak
D,2.175197255,peak
D,2.586689344,peak
D,4.59511985,peak
D,4.59511985,peak
D,4.59511985,peak
D,1.782457077,peak
D,4.59511985,peak
D,1.114676891,peak
D,4.59511985,peak
D,4.59511985,peak
D,4.59511985,peak
D,4.59511985,peak
D,4.59511985,peak
D,4.59511985,peak
D,4.59511985,peak
D,4.59511985,peak
D,4.59511985,peak
D,4.254599025,peak
D,4.59511985,peak
D,3.94413348,peak
D,4.329720682,peak
D,2.666159259,peak
D,4.59511985,peak
D,4.59511985,peak
D,1.758326961,peak
D,4.59511985,peak
D,1.114676891,peak
D,4.59511985,peak
D,4.59511985,peak
D,2.186162518,peak
D,4.59511985,peak
D,4.59511985,peak
D,4.59511985,peak
D,4.59511985,peak
D,1.665687458,peak
D,4.59511985,peak
D,4.59511985,peak
D,4.59511985,peak
D,4.59511985,peak
D,4.59511985,peak
D,4.59511985,peak
D,4.59511985,peak
D,4.59511985,peak
D,1.08797389,peak
D,3.99921955,peak
D,1.992430165,peak
D,4.59511985,peak
D,4.18459144,peak
D,4.254599025,peak
D,2.456012184,peak
D,4.59511985,peak
D,0.434719179,peak
D,4.59511985,peak
D,2.699548556,peak
D,1.469622493,peak
D,4.59511985,peak
D,2.153549514,peak
D,1.312911815,peak
D,4.59511985,peak
D,1.463058377,peak
D,4.59511985,peak
D,4.59511985,peak
D,1.516347489,peak
D,2.090741097,peak
D,1.758326961,peak
D,4.59511985,peak
D,1.443525489,peak
D,4.59511985,peak
D,4.59511985,peak
D,4.59511985,peak
D,3.152319008,peak
D,2.733941615,peak
D,4.59511985,peak
D,4.59511985,peak
D,1.815289967,peak
D,4.59511985,peak
D,3.99921955,peak
D,2.84912688,peak
D,1.505458082,peak
D,-1.471638838,peak
D,2.996375846,peak
D,4.59511985,peak
D,-1.467671935,peak
D,-0.902662413,peak
D,-0.570705244,peak
D,1.068113984,peak
D,-1.498391135,peak
D,1.586904404,peak
D,3.191813751,peak
D,2.624630563,peak
D,-1.423817352,peak
D,1.579853732,peak
D,-0.908629645,peak
D,1.33726031,peak
D,1.301949439,peak
D,3.107333846,peak
D,-1.191341804,peak
D,-1.6270928,peak
D,-0.89773343,peak
D,-1.678035647,peak
D,-1.04624758,peak
D,-1.61744411,peak
D,-1.675667511,peak
D,-1.644299197,peak
D,-1.384465872,peak
D,1.567462884,peak
D,-0.641884589,peak
D,-0.668657935,peak
D,3.230036451,peak
D,-1.289599542,peak
D,0.640603446,peak
D,-1.062629169,peak
D,-1.338627495,peak
D,-1.790593288,trough
D,-2.001934133,trough
D,-1.60703983,trough
D,-1.571518678,trough
D,-1.874689849,trough
D,-1.936798469,trough
D,-1.992430165,trough
D,-2.090741097,trough
D,-1.41148461,trough
D,-1.758326961,trough
D,-1.900958761,trough
D,-1.726779349,trough
D,-1.614245614,trough
D,-1.496152942,trough
D,-1.964322637,trough
D,-1.892145802,trough
D,-1.945910149,trough
D,-1.936798469,trough
D,-1.63607387,trough
D,-1.892145802,trough
D,-2.231011575,trough
D,-1.734601055,trough
D,-1.496152942,trough
D,-1.964322637,trough
D,-1.711262773,trough
D,-1.463058377,trough
D,-1.69591151,trough
D,-1.840433765,trough
D,-1.774367727,trough
D,-1.883389792,trough
D,-1.758326961,trough
D,-1.734601055,trough
D,-1.823620571,trough
D,-1.614245614,trough
D,-1.711262773,trough
D,-1.621486251,trough
D,-1.380056038,trough
D,-1.398841577,trough
D,-1.680721153,trough
D,-1.516347489,trough
D,-0.895384047,trough
D,-1.599868461,trough
D,-1.599868461,trough
D,-1.711262773,trough
D,-1.628762185,trough
D,-1.790593288,trough
D,-1.489478597,trough
D,-1.832001586,trough
D,-1.823620571,trough
D,-1.964322637,trough
D,-1.823620571,trough
D,-1.27150342,trough
D,-1.482832288,trough
D,-1.742465823,trough
D,-1.823620571,trough
D,-1.734601055,trough
D,-1.815289967,trough
D,-1.543686535,trough
D,-0.818886859,trough
D,-0.776846199,trough
D,-1.719000115,trough
D,-1.450010176,trough
D,-1.703566757,trough
D,-1.703566757,trough
D,-1.557539474,trough
D,-1.386294361,trough
D,-1.386294361,trough
D,-2.197224577,trough
D,-1.450010176,trough
D,-1.936798469,trough
D,-1.60703983,trough
D,-1.673184981,trough
D,-1.658228077,trough
D,-1.60703983,trough
D,-1.866045109,trough
D,-1.585627264,trough
D,-2.111334905,trough
D,-1.658228077,trough
D,-1.665687458,trough
D,-1.536806468,trough
D,-1.955084525,trough
D,-2.030866872,trough
D,-1.711262773,trough
D,-2.100996545,trough
D,-2.030866872,trough
D,-1.628762185,trough
D,-1.471638838,trough
D,2.996375846,trough
D,-1.683447811,trough
D,-1.61840472,trough
D,-1.601052763,trough
D,-0.902662413,trough
D,-0.570705244,trough
D,1.068113984,trough
D,-1.498391135,trough
D,-1.671197935,trough
D,-1.677024449,trough
D,1.586904404,trough
D,-1.381888432,trough
D,-1.423817352,trough
D,-1.672578046,trough
D,-1.643201072,trough
D,-1.608128451,trough
D,-1.626699188,trough
D,-1.60011966,trough
D,-1.686064055,trough
D,-1.670244149,trough
D,-1.669500129,trough
D,-1.686229698,trough
D,-1.661591244,trough
D,-1.484838474,trough
D,-1.685933881,trough
D,-1.609514852,trough
D,-1.135499497,trough
D,-1.453548122,trough
D,-1.50737782,trough
D,-1.683930681,trough
D,-1.477475263,trough
D,-1.683561465,trough
D,-1.645959129,trough
D,-1.682222921,trough
D,-1.642899025,trough
D,-1.41888541,trough
D,-1.191341804,trough
D,-1.6270928,trough
D,-0.89773343,trough
D,-1.678035647,trough
D,-1.04624758,trough
D,-1.61744411,trough
D,-1.675667511,trough
D,-1.78847213,trough
D,-1.763731448,trough
D,-1.874229987,trough
D,-1.619445483,trough
D,-1.708859865,trough
D,-1.951994574,trough
D,-1.600100694,trough
D,-1.758135796,trough
D,-1.70959199,trough
D,-1.887239591,trough
D,-1.909211508,trough
D,-1.788294142,trough
D,-1.69251639,trough
D,-1.805828627,trough
D,-1.583730514,trough
D,-1.402151007,trough
D,-1.727193929,trough
D,-1.938829169,trough
D,-1.73590098,trough
D,-1.748240317,trough
D,-2.053629678,trough
D,-1.966529309,trough
D,-1.772780865,trough
D,-1.661146798,trough
D,-1.83169417,trough
D,-1.890199713,trough
D,-1.750231171,trough
D,-2.133047619,trough
D,-1.708706654,trough
D,-1.815448904,trough
D,-1.902241961,trough
D,-1.791943214,trough
D,-1.602043101,trough
D,-1.74775663,trough
D,-1.782128438,trough
D,-1.74799639,trough
D,-1.717335977,trough
D,-1.407224878,trough
D,-1.774584868,trough
D,-1.884756734,trough
D,-1.417736686,trough
D,-1.798591584,trough
D,-1.629576155,trough
D,-1.675106408,trough
D,-1.361203904,trough
D,-1.417905303,trough
D,-1.085551824,trough
D,-1.8270366,trough
D,-1.607710638,trough
D,-1.589657171,trough
D,-1.974441626,trough
D,-1.702508358,trough
D,-1.803353538,trough
D,-1.324972251,trough
D,-1.828932751,trough
D,-1.72611446,trough
D,-1.721482382,trough
D,-1.767715965,trough
D,-1.733625757,trough
D,-1.605775394,trough
D,-1.426322648,trough
D,-1.616470107,trough
D,-1.894052193,trough
D,-1.701278066,trough
D,-1.796511783,trough
D,-1.52108263,trough
D,-1.60892091,trough
D,-1.661676568,trough
D,-1.731324258,trough
D,-1.824585989,trough
D,-1.740760285,trough
D,-1.776827991,trough
D,-1.744448811,trough
D,-1.790203644,trough
D,-1.518427417,trough
D,-1.941031256,trough
D,-1.682913339,trough
D,-1.752049537,trough
D,-1.589560937,trough
D,-1.479330583,trough
D,-1.396636089,trough
D,-1.643726431,trough
D,-1.587653516,trough
D,-1.462611304,trough
D,-1.685571755,trough
D,-1.675724189,trough
D,-1.658264635,trough
D,-1.644299197,trough
D,-1.384465872,trough
D,-0.641884589,trough
D,-0.668657935,trough
D,-1.289599542,trough
D,-1.062629169,trough
D,-1.338627495,trough
E,4.59511985,peak
E,4.59511985,peak
E,4.59511985,peak
E,4.59511985,peak
E,4.59511985,peak
E,4.59511985,peak
E,2.998287084,peak
E,4.59511985,peak
E,1.666989646,peak
E,0.496040076,peak
E,3.94413348,peak
E,2.599869167,peak
E,-0.129268988,peak
E,4.59511985,peak
E,4.59511985,peak
E,4.59511985,peak
E,2.791917553,peak
E,4.59511985,peak
E,2.965693764,peak
E,3.300292855,peak
E,3.115385071,peak
E,4.59511985,peak
E,4.59511985,peak
E,1.678956907,peak
E,-0.295782641,peak
E,2.467595234,peak
E,4.59511985,peak
E,4.59511985,peak
E,3.584547216,peak
E,4.59511985,peak
E,4.59511985,peak
E,4.59511985,peak
E,0.786131102,peak
E,0.523646312,peak
E,-0.036003889,peak
E,4.59511985,peak
E,2.61782511,peak
E,1.437066686,peak
E,2.903110784,peak
E,-0.200670695,peak
E,1.578556599,peak
E,-0.184521778,peak
E,0.964390527,peak
E,2.923583166,peak
E,1.489478597,peak
E,1.259848344,peak
E,0.758371203,peak
E,-1.185861054,peak
E,-1.3738409,peak
E,2.666159259,peak
E,3.409496184,peak
E,1.874689849,peak
E,2.526809141,peak
E,-0.212799407,peak
E,3.17805383,peak
E,-0.036003889,peak
E,1.424225583,peak
E,-0.468378934,peak
E,1.004793533,peak
E,-0.140229341,peak
E,4.59511985,peak
E,-1.283235342,peak
E,2.060457164,peak
E,0.786131102,peak
E,1.628762185,peak
E,-0.963688571,peak
E,-0.46438406,peak
E,1.674956626,peak
E,2.503445682,peak
E,2.203223697,peak
E,2.413995618,peak
E,2.773329366,peak
E,2.002682931,peak
E,1.099657292,peak
E,1.893396585,peak
E,3.048993055,peak
E,3.029640371,peak
E,2.873079291,peak
E,2.818718542,peak
E,2.459361809,peak
E,-1.006860352,peak
E,2.590058052,peak
E,3.094200793,peak
E,2.564616892,peak
E,1.904428104,peak
E,1.983364201,peak
E,2.743142221,peak
E,3.413534846,peak
E,1.419460104,peak
E,2.679891417,peak
E,-1.670875305,peak
E,2.262800799,peak
E,2.46528735,peak
E,2.405752114,peak
E,-1.608896176,peak
E,-1.6857682,peak
E,-1.227775501,peak
E,-0.866835556,peak
E,1.313155191,peak
E,-1.370190028,peak
E,-1.685570812,peak
E,2.332276399,peak
E,1.47251576,peak
E,2.589776867,peak
E,-1.492005666,peak
E,1.840040902,peak
E,-1.166850205,peak
E,-1.568004719,peak
E,-1.243384834,peak
E,0.809437714,peak
E,-1.597450875,peak
E,-1.685616354,peak
E,-1.638519456,peak
E,-1.56659701,peak
E,-1.398819991,peak
E,-1.606933381,peak
E,-1.699147093,peak
E,-1.673997419,peak
E,-1.596328288,peak
E,-0.870959386,peak
E,-1.652106844,peak
E,-1.590744446,peak
E,2.362066434,peak
E,2.350030177,peak
E,2.102384913,peak
E,3.558820101,peak
E,1.789289274,peak
E,2.822881258,peak
E,2.157543972,peak
E,2.33872142,peak
E,2.477620719,peak
E,1.748725527,peak
E,-0.66565892,peak
E,1.083292858,peak
E,2.40483006,peak
E,-1.293120604,peak
E,-0.707376338,peak
E,-1.278180777,peak
E,3.283326772,peak
E,2.763352582,peak
E,1.963491252,peak
E,3.028999418,peak
E,2.665984342,peak
E,1.672728177,peak
E,1.32460219,peak
E,1.788313714,peak
E,2.712474711,peak
E,2.709542458,peak
E,2.183045679,peak
E,1.8718478,peak
E,0.432862334,peak
E,2.854756394,peak
E,-0.753246894,peak
E,0.120254988,peak
E,-1.371750147,peak
E,2.180741235,peak
E,-0.799255586,peak
E,-1.442293553,peak
E,0.627553061,peak
E,-1.619837101,peak
E,-1.66275572,peak
E,-1.480619829,peak
E,-1.386723801,peak
E,-1.646908119,peak
E,0.962729827,peak
E,-1.669236877,peak
E,-1.685545935,peak
E,-1.686566516,peak
E,-1.686832773,peak
E,-1.686867125,peak
E,-1.686184704,peak
E,-1.686122917,peak
E,-1.647023883,peak
E,-1.62509401,peak
E,-1.044134838,peak
E,-0.127276334,peak
E,-0.056784078,peak
E,0.005262745,peak
E,-1.450900305,peak
E,-1.608957712,peak
E,2.906245112,peak
E,-1.24150618,peak
E,2.618040357,peak
E,-1.124280966,peak
E,-1.872164498,peak
E,-1.636337865,peak
E,-1.708324223,peak
E,-1.469219951,peak
E,-1.509423817,trough
E,-1.686828106,trough
E,-1.684030588,trough
E,-1.657354501,trough
E,-1.667428632,trough
E,0.09424159,trough
E,-1.685117066,trough
E,-1.65920817,trough
E,-1.665029055,trough
E,-1.619662933,trough
E,-0.631929026,trough
E,-1.680712603,trough
E,2.332276399,trough
E,1.47251576,trough
E,2.589776867,trough
E,-1.492005666,trough
E,1.840040902,trough
E,-1.166850205,trough
E,-1.568004719,trough
E,-1.243384834,trough
E,0.809437714,trough
E,-1.597450875,trough
E,-1.685616354,trough
E,-1.638519456,trough
E,-1.56659701,trough
E,-1.398819991,trough
E,-1.606933381,trough
E,-1.699147093,trough
E,-1.673997419,trough
E,-1.596328288,trough
E,-0.870959386,trough
E,-1.652106844,trough
E,-1.590744446,trough
E,-1.686718012,trough
E,-1.559838839,trough
E,-1.293120604,trough
E,-0.707376338,trough
E,-1.278180777,trough
E,0.627553061,trough
E,-1.619837101,trough
E,-1.66275572,trough
E,-1.480619829,trough
E,-1.386723801,trough
E,-1.646908119,trough
E,-1.669236877,trough
E,-1.685545935,trough
E,-1.686566516,trough
E,-1.686832773,trough
E,-1.686867125,trough
E,-1.686184704,trough
E,-1.686122917,trough
E,-1.647023883,trough
E,-1.62509401,trough
E,-1.044134838,trough
E,-0.127276334,trough
E,-0.056784078,trough
E,-1.450900305,trough
E,-1.608957712,trough
E,-1.24150618,trough
E,-1.124280966,trough
E,-1.872164498,trough
E,-1.452257816,trough
E,-1.535318819,trough
E,-0.248998616,trough
E,-1.636337865,trough
E,-1.708324223,trough
E,-1.517045617,trough
E,-1.469219951,trough
F,-1.392556122,peak
F,-1.91875916,peak
F,-1.571518678,peak
F,-1.469622493,peak
F,-1.469622493,peak
F,-0.885690291,peak
F,-1.665687458,peak
F,-1.109307578,peak
F,-1.259848344,peak
F,-1.900958761,peak
F,-1.650806341,peak
F,-1.324925415,peak
F,-1.550597412,peak
F,-1.658228077,peak
F,-1.734601055,peak
F,-1.550597412,peak
F,-1.004793533,peak
F,-2.175197255,peak
F,-1.50285565,peak
F,-1.550597412,peak
F,-2.219647041,peak
F,-1.857454728,peak
F,-1.614245614,peak
F,-1.571518678,peak
F,-1.361479192,peak
F,-1.13630181,peak
F,-1.496152942,peak
F,-1.550597412,peak
F,-1.59273108,peak
F,-1.130873151,peak
F,-0.974421908,peak
F,-1.945910149,peak
F,-1.927748469,peak
F,-1.883389792,peak
F,-1.318908187,peak
F,-1.125459539,peak
F,-1.665687458,peak
F,-1.516347489,peak
F,-1.386294361,peak
F,-1.082675696,peak
F,-1.703566757,peak
F,-1.564513101,peak
F,-1.734601055,peak
F,-1.450010176,peak
F,-1.523137304,peak
F,-2.164326874,peak
F,-1.650806341,peak
F,-2.350827762,peak
F,-2.121757746,peak
F,-2.040655517,peak
F,-2.338303176,peak
F,-2.060457164,peak
F,-1.742465823,peak
F,-2.428836968,peak
F,-2.060457164,peak
F,-2.080567034,peak
F,-1.955084525,peak
F,-1.982994352,peak
F,-2.301485588,peak
F,-2.030866872,peak
F,-2.164326874,peak
F,-1.909829572,peak
F,-2.001934133,peak
F,-1.927748469,peak
F,-1.973625549,peak
F,-2.428836968,peak
F,-2.61782511,peak
F,-2.254058052,peak
F,-2.164326874,peak
F,-2.242481169,peak
F,-2.301485588,peak
F,-1.599868461,peak
F,-2.376272809,peak
F,-2.197224577,peak
F,-2.363483275,peak
F,-2.021151266,peak
F,-2.153549514,peak
F,-2.277542957,peak
F,-2.100996545,peak
F,-2.350827762,peak
F,-2.350827762,peak
F,-2.586689344,peak
F,-2.132266681,peak
F,-2.175197255,peak
F,-2.325906528,peak
F,-2.442347035,peak
F,-2.021151266,peak
F,-1.892145802,peak
F,-2.100996545,peak
F,-2.080567034,peak
F,-1.599868461,peak
F,-1.726779349,peak
F,-2.219647041,peak
F,-2.001934133,peak
F,-2.001934133,peak
F,-1.688296487,peak
F,-2.376272809,peak
F,-1.650806341,peak
F,-2.001934133,peak
F,-2.011507432,peak
F,-1.726779349,peak
F,-1.742465823,peak
F,-2.556365614,peak
F,-2.666159259,peak
F,-2.751535313,peak
F,-3.12717816,peak
F,-2.806015015,peak
F,-2.313634929,peak
F,-2.556365614,peak
F,-2.541494124,peak
F,-2.682732393,peak
F,-2.586689344,peak
F,-2.541494124,peak
F,-2.769405696,peak
F,-2.769405696,peak
F,-2.497978731,peak
F,-2.633712581,peak
F,-2.633712581,peak
F,-2.787562264,peak
F,-2.61782511,peak
F,-2.944438979,peak
F,-2.512305624,peak
F,-2.699548556,peak
F,-2.526809141,peak
F,-2.219647041,peak
F,-2.88300718,peak
F,-2.442347035,peak
F,-2.61782511,peak
F,-2.389199566,peak
F,-2.699548556,peak
F,-2.456012184,peak
F,-2.571428862,peak
F,-2.571428862,peak
F,-2.469836397,peak
F,-2.903110784,peak
F,-2.402266864,peak
F,-2.325906528,peak
F,-2.456012184,peak
F,-2.442347035,peak
F,-2.242481169,peak
F,-3.055048851,peak
F,-2.61782511,peak
F,-2.402266864,peak
F,-2.242481169,peak
F,-2.556365614,peak
F,-2.751535313,peak
F,-2.402266864,peak
F,-2.483823813,peak
F,-2.389199566,peak
F,-2.61782511,peak
F,-2.442347035,peak
F,-2.254058052,peak
F,-2.231011575,peak
F,-2.231011575,peak
F,-2.442347035,peak
F,-2.389199566,peak
F,-2.497978731,peak
F,-2.415478143,peak
F,-2.649821696,peak
F,-2.541494124,peak
F,-2.277542957,peak
F,-2.469836397,peak
F,-2.769405696,peak
F,-2.526809141,peak
F,-2.751535313,peak
F,-2.806015015,peak
F,-2.733941615,peak
F,-2.265744524,peak
F,-2.313634929,peak
F,-2.289455802,peak
F,-2.602152773,peak
F,-2.060457164,peak
F,-2.428836968,peak
F,-2.415478143,peak
F,-2.61782511,peak
F,-2.350827762,peak
F,-2.142863368,peak
F,-2.265744524,peak
F,-2.483823813,peak
F,-2.277542957,peak
F,-2.389199566,peak
F,-2.843851742,peak
F,-2.289455802,peak
F,-2.080567034,peak
F,-2.428836968,peak
F,-2.277542957,peak
F,-2.376272809,peak
F,-2.350827762,peak
F,-2.164326874,peak
F,-2.402266864,peak
F,-2.242481169,peak
F,-2.277542957,peak
F,-2.571428862,peak
F,-2.428836968,peak
F,-2.649821696,peak
F,-2.231011575,peak
F,-2.277542957,peak
F,-2.164326874,peak
F,-2.277542957,peak
F,-2.376272809,peak
F,-2.428836968,peak
F,-2.483823813,peak
F,-2.338303176,peak
F,-2.363483275,peak
F,-2.350827762,peak
F,-2.186162518,peak
F,-2.376272809,peak
F,-2.541494124,peak
F,-2.277542957,peak
F,-2.197224577,peak
F,-2.265744524,peak
F,-2.456012184,peak
F,-2.526809141,peak
F,-2.769405696,peak
F,-2.512305624,peak
F,-2.633712581,peak
F,-2.402266864,peak
F,-2.456012184,peak
F,-2.586689344,peak
F,-3.055048851,peak
F,-2.428836968,peak
F,-2.88300718,peak
F,-2.376272809,peak
F,-2.483823813,peak
F,-2.824774475,peak
F,-2.456012184,peak
F,-2.602152773,peak
F,-2.338303176,peak
F,-2.363483275,peak
F,-2.469836397,peak
F,-2.944438979,peak
F,-2.325906528,peak
F,-2.197224577,peak
F,-2.265744524,peak
F,-2.197224577,peak
F,-2.376272809,peak
F,-2.277542957,peak
F,-2.469836397,peak
F,-2.175197255,peak
F,-2.541494124,peak
F,-2.512305624,peak
F,-2.115064817,peak
F,-2.340908635,peak
F,-1.640810774,peak
F,-1.357168048,peak
F,-1.464123895,peak
F,-1.569066899,peak
F,-1.472729855,peak
F,-0.970125733,peak
F,-1.223548583,peak
F,-0.97995368,peak
F,0.027907094,peak
F,-1.420941658,peak
F,-0.516581519,peak
F,-1.529867057,peak
F,-1.371798763,peak
F,-1.558831422,peak
F,-1.483846942,peak
F,-1.290041653,peak
F,-1.481198569,peak
F,-1.035748672,peak
F,-1.492460593,peak
F,-1.096367184,peak
F,-1.627686732,peak
F,-1.642582925,peak
F,-1.484300868,peak
F,0.345172437,peak
F,-0.692540211,peak
F,-1.625507019,peak
F,-1.376445098,peak
F,-1.087115782,peak
F,-1.596560247,peak
F,-1.634235967,peak
F,-1.584335547,peak
F,-1.686801811,peak
F,-1.551780224,peak
F,-0.82005275,peak
F,-1.685970699,peak
F,-1.686635024,peak
F,-1.591002603,peak
F,-0.366942781,peak
F,-1.577001075,peak
F,-1.675554284,peak
F,-1.472877061,peak
F,-0.550745483,peak
F,-1.579112705,peak
F,-0.55736398,peak
F,-1.384085035,peak
F,-1.520758637,peak
F,-1.698791252,peak
F,-1.827262178,peak
F,-1.938265863,peak
F,-1.639515093,peak
F,-1.800215816,peak
F,-1.62502633,peak
F,-1.71246737,peak
F,-1.923148518,peak
F,-1.650262451,peak
F,-0.769703396,peak
F,-1.818368043,peak
F,-1.708789557,peak
F,-1.942789948,peak
F,-2.025782964,peak
F,-1.619231,peak
F,-1.990253502,peak
F,-1.847471007,peak
F,-1.824503304,peak
F,-2.062839645,peak
F,-1.978648505,peak
F,0.066798688,peak
F,0.907802637,peak
F,-2.098917088,peak
F,-1.723320858,peak
F,-1.659561084,peak
F,-0.902955221,peak
F,-0.651586502,peak
F,-2.065717765,peak
F,-1.754161644,peak
F,-1.867808359,peak
F,-1.860042965,peak
F,-1.686855683,peak
F,-1.408613153,peak
F,-1.530221232,peak
F,-1.740376997,peak
F,-0.530277355,peak
F,-2.526600679,peak
F,0.48676789,peak
F,-2.282389008,peak
F,-1.9473034,peak
F,-1.68614889,peak
F,-2.266872755,peak
F,-1.660622984,peak
F,-2.399995537,peak
F,-1.678551007,peak
F,-1.503554161,peak
F,-2.13604251,peak
F,-1.629886778,peak
F,-1.534401257,peak
F,-1.476584009,peak
F,-1.554016817,peak
F,-1.681945224,peak
F,-1.686802864,peak
F,-1.639145574,peak
F,-1.68271158,peak
F,-1.5718952,peak
F,-0.861572037,peak
F,-1.586911644,peak
F,-1.683158363,peak
F,-1.680319452,peak
F,-1.331978188,peak
F,-2.245506825,peak
F,-1.686382261,peak
F,-1.674867522,peak
F,-2.114756592,peak
F,-1.610157259,peak
F,-0.362524255,peak
F,-1.685946814,peak
F,-1.838129198,peak
F,-1.854784088,peak
F,-1.670232852,peak
F,-1.685626615,peak
F,-1.591473247,peak
F,-1.843906422,peak
F,-1.835861462,peak
F,-1.369061285,peak
F,-1.635954264,peak
F,-1.683842183,peak
F,-1.672777369,peak
F,-1.575443155,peak
F,-2.157279503,peak
F,-2.301252818,peak
F,-1.686634059,peak
F,-1.667788236,peak
F,-1.668752172,peak
F,-1.550922675,peak
F,-1.591959682,peak
F,-1.686369316,peak
F,-1.602699395,peak
F,-1.685748416,peak
F,-1.638122144,peak
F,-2.25922451,peak
F,-1.665254806,peak
F,-1.61126964,peak
F,-1.685906952,peak
F,-1.662593027,peak
F,-1.582481415,peak
F,-1.656966271,peak
F,-1.669588552,peak
F,-1.648126352,peak
F,-1.47055795,peak
F,-1.685745151,peak
F,-1.246853291,peak
F,-1.565677199,peak
F,-1.660526595,peak
F,-1.667907093,peak
F,-1.640639626,peak
F,-1.68446343,peak
F,-1.685812003,peak
F,-1.672580468,peak
F,-1.806081227,peak
F,-0.484108168,peak
F,-1.65410717,peak
F,-1.637419852,peak
F,-1.563995223,peak
F,-1.619471192,peak
F,-1.743106383,peak
F,-1.718496671,peak
F,-1.617742996,peak
F,-1.609152601,peak
F,-1.444918183,peak
F,-1.524061416,peak
F,-1.591485024,peak
F,-1.675423989,peak
F,-1.652958216,peak
F,-1.355744741,peak
F,-1.033058991,peak
F,-1.662332429,peak
F,-1.681417496,peak
F,-1.615333084,peak
F,-2.012008596,peak
F,-1.904511614,peak
F,-1.731954223,peak
F,-1.720873536,peak
F,-1.228150114,peak
F,-1.588193626,peak
F,-0.409706722,peak
F,-1.714152612,peak
F,-1.794277002,peak
F,-1.370720543,peak
F,-0.927608183,peak
F,-1.057037783,peak
F,-1.833284338,peak
F,-1.684789635,peak
F,-1.64646803,peak
F,-1.647120413,peak
F,-1.682788359,peak
F,-0.641223829,peak
F,-1.581520292,peak
F,-0.808117888,peak
F,-0.560647707,peak
F,-1.60688558,peak
F,-1.539685778,peak
F,-1.383151153,peak
F,-1.573493242,peak
F,-1.668779024,peak
F,-1.27631105,peak
F,-2.177314058,peak
F,-1.997351196,peak
F,-1.724196112,peak
F,-1.798224489,peak
F,-1.676892982,peak
F,-1.682445276,peak
F,-1.67526419,peak
F,-1.497201845,peak
F,-1.417847043,peak
F,-1.192195559,peak
F,-1.496279887,peak
F,-1.635233551,peak
F,-1.612071962,peak
F,-1.648771522,peak
F,-1.909754776,peak
F,-1.043858373,peak
F,-2.028569187,peak
F,-1.821772256,peak
F,-1.600338042,peak
F,-2.041326643,peak
F,-1.685588281,peak
F,-1.322865227,peak
F,-1.671993843,peak
F,-1.647067987,peak
F,-1.195544291,peak
F,-0.568632296,peak
F,-1.373505983,peak
F,-0.811367306,peak
F,-1.541246162,peak
F,-1.671633182,peak
F,-1.684717264,peak
F,-1.679516585,peak
F,-0.602917398,peak
F,-1.610008639,peak
F,-1.653653584,peak
F,-1.664603928,peak
F,-1.68540673,peak
F,-1.681405141,peak
F,-1.666115797,peak
F,-1.680391896,peak
F,-1.677023382,peak
F,-1.543064018,peak
F,-1.682831415,peak
F,-1.619603203,peak
F,-1.671985457,peak
F,-1.498157957,peak
F,-1.681250917,peak
F,-1.824735811,peak
F,-1.664870681,peak
F,-1.735423993,peak
F,0.336617263,peak
F,-1.675524338,peak
F,-1.535045399,peak
F,-1.494001179,peak
F,-1.518215635,peak
F,-1.563338208,peak
F,-1.353685987,peak
F,-1.643506254,peak
F,-1.677359295,peak
F,-1.485357897,peak
F,-1.653285379,peak
F,-1.580778459,peak
F,-1.680455467,peak
F,-1.670469511,peak
F,-1.615163436,peak
F,-0.850076393,peak
F,-1.679771131,peak
F,-1.615370153,peak
F,-1.672270888,peak
F,-1.678258973,peak
F,-1.685462078,peak
F,-1.684379801,peak
F,-1.674681226,peak
F,-1.686721453,peak
F,-1.60951246,peak
F,-0.240204817,peak
F,-1.648330812,peak
F,-1.686863643,peak
F,-1.157034163,peak
F,-0.613500281,peak
F,-1.682449686,peak
F,-1.610695758,peak
F,-1.431066481,peak
F,-1.682998776,peak
F,-1.680789019,peak
F,-1.581957462,peak
F,-1.62566856,peak
F,-1.896647128,peak
F,-2.062481377,peak
F,-2.152096693,peak
F,-2.048366415,peak
F,-1.669350867,peak
F,-1.985565076,peak
F,-1.89769252,peak
F,-1.554737223,peak
F,-1.684748473,peak
F,-1.66976887,peak
F,-1.681758733,peak
F,1.487563534,peak
F,-1.609856738,peak
F,-1.668482416,peak
F,-1.590133328,peak
F,-1.6251941,peak
F,-1.70257903,peak
F,-2.475571294,peak
F,-2.220793911,peak
F,-2.155682969,peak
F,-1.9756914,peak
F,-2.22701613,peak
F,-1.572052419,peak
F,-1.580252523,peak
F,-1.620851006,peak
F,-1.633883285,peak
F,-1.674520331,peak
F,-1.686488854,peak
F,-1.671859076,peak
F,-2.157503821,peak
F,-2.230808758,peak
F,-2.115064817,trough
F,-2.340908635,trough
F,-1.818368043,trough
F,-1.708789557,trough
F,-1.942789948,trough
F,-2.025782964,trough
F,-1.619231,trough
F,-1.990253502,trough
F,-1.847471007,trough
F,-1.824503304,trough
F,-2.062839645,trough
F,-1.978648505,trough
F,0.066798688,trough
F,0.907802637,trough
F,-2.098917088,trough
F,-1.723320858,trough
F,-1.659561084,trough
F,-0.902955221,trough
F,-0.651586502,trough
F,-2.065717765,trough
F,-1.754161644,trough
F,-1.867808359,trough
F,-1.860042965,trough
F,-1.686855683,trough
F,-1.408613153,trough
F,-1.530221232,trough
F,-1.740376997,trough
F,-0.530277355,trough
F,-2.526600679,trough
F,0.48676789,trough
F,-2.282389008,trough
F,-1.9473034,trough
F,-1.68614889,trough
F,-2.266872755,trough
F,-1.610695758,trough
F,-1.431066481,trough
F,-1.572052419,trough
F,-1.580252523,trough
F,-1.620851006,trough
F,-1.633883285,trough
F,-1.674520331,trough
F,-1.686488854,trough
F,-1.671859076,trough
F,-2.157503821,trough
F,-2.230808758,trough
G,0.919793362,peak
G,0.758371203,peak
G,0.914891152,peak
G,0.132192166,peak
G,2.132266681,peak
G,1.469622493,peak
G,1.665687458,peak
G,2.265744524,peak
G,1.476213692,peak
G,4.59511985,peak
G,1.742465823,peak
G,1.59273108,peak
G,4.59511985,peak
G,1.231036874,peak
G,4.59511985,peak
G,1.734601055,peak
G,1.225329031,peak
G,1.437066686,peak
G,4.59511985,peak
G,-0.124159253,peak
G,4.59511985,peak
G,2.090741097,peak
G,1.130873151,peak
G,1.093286044,peak
G,1.125459539,peak
G,1.120060832,peak
G,2.469836397,peak
G,1.13630181,peak
G,4.59511985,peak
G,4.59511985,peak
G,4.59511985,peak
G,4.59511985,peak
G,0.536509219,peak
G,0.426342693,peak
G,4.59511985,peak
G,1.812605704,peak
G,0.656707018,peak
G,2.013068369,peak
G,2.129263607,peak
G,1.876153292,peak
G,1.800322239,peak
G,0.941083334,peak
G,4.59511985,peak
G,1.073883664,peak
G,1.906028023,peak
G,-1.272439932,peak
G,1.638126784,peak
G,1.369398165,peak
G,4.59511985,peak
G,-0.835215424,peak
G,3.274148534,peak
G,2.361414356,peak
G,1.179944374,peak
G,3.120642893,peak
G,2.933977405,peak
G,2.276530164,peak
G,0.074346935,peak
G,0.565927453,peak
G,2.993974315,peak
G,1.321408845,peak
G,1.866026709,peak
G,1.678464695,peak
G,0.337334645,peak
G,-0.086274027,peak
G,0.44746496,peak
G,0.166106616,peak
G,1.307510452,peak
G,1.047496507,peak
G,2.819973445,peak
G,-1.03103063,peak
G,0.535036522,peak
G,-1.680359363,peak
G,-0.227451308,peak
G,0.597986916,peak
G,0.347762891,peak
G,0.590245323,peak
G,-0.04299363,peak
G,1.802487399,peak
G,-1.220715265,peak
G,0.483464714,peak
G,2.683684497,peak
G,-1.513977305,peak
G,-1.627433696,peak
G,-1.439047192,peak
G,-1.023080713,peak
G,-1.68203173,peak
G,-0.826943988,peak
G,-1.618119893,peak
G,-1.482459162,peak
G,1.319188778,peak
G,1.385459585,peak
G,-1.66613813,peak
G,1.218059787,peak
G,0.717325992,peak
G,2.734396908,peak
G,-0.858757111,peak
G,-1.679505601,peak
G,1.899809157,peak
G,0.951910842,peak
G,-1.007621921,peak
G,0.009164133,peak
G,0.582883099,peak
G,3.527846149,peak
G,-0.836081427,peak
G,3.247242791,peak
G,1.957198882,peak
G,1.597940697,peak
G,2.816639684,peak
G,1.348215533,peak
G,1.206471456,peak
G,3.270808832,peak
G,0.505498473,peak
G,1.804870024,peak
G,0.335626438,peak
G,1.032080367,peak
G,0.962316771,peak
G,-1.32150561,peak
G,-0.014680364,peak
G,1.350021215,peak
G,-1.675500452,peak
G,-1.686686258,peak
G,-1.637518242,peak
G,-1.224780843,peak
G,-1.177984226,peak
G,-1.13017368,peak
G,-1.000870625,peak
G,-0.942271966,peak
G,-0.54675665,peak
G,-0.231482683,peak
G,-0.1138792,peak
G,0.779575235,peak
G,0.942948264,peak
G,1.263707906,peak
G,1.556110792,peak
G,2.11738243,peak
G,2.405668527,peak
G,2.121670938,peak
G,-1.612657137,peak
G,-0.791569997,peak
G,-0.302137272,peak
G,1.230119959,peak
G,-1.252631231,peak
G,-1.29848631,peak
G,-0.743579411,peak
G,-0.702692174,peak
G,-1.586081722,peak
G,1.323080562,peak
G,3.541461123,peak
G,0.170024635,peak
G,0.168126488,peak
G,-1.646929196,peak
G,1.553274687,peak
G,-1.197230659,peak
G,1.100674403,peak
G,-1.242328229,trough
G,-1.592335143,trough
G,-1.560883346,trough
G,-1.272439932,trough
G,1.638126784,trough
G,-1.680359363,trough
G,-0.227451308,trough
G,-0.826943988,trough
G,-1.618119893,trough
G,-1.482459162,trough
G,-1.66613813,trough
G,-1.679505601,trough
G,-1.361869105,trough
G,1.028103948,trough
G,-0.618377764,trough
G,-1.32150561,trough
G,-0.014680364,trough
G,-1.628155301,trough
G,-1.647741885,trough
G,-1.686686258,trough
G,-1.684831136,trough
G,-1.450884087,trough
G,-1.224780843,trough
G,-0.942271966,trough
G,-0.54675665,trough
G,-0.1138792,trough
G,-1.612657137,trough
G,-0.791569997,trough
G,-0.302137272,trough
G,1.230119959,trough
G,-1.252631231,trough
G,-1.29848631,trough
G,-0.743579411,trough
G,-0.702692174,trough
G,-1.586081722,trough
G,-1.646929196,trough
G,1.553274687,trough
G,-1.197230659,trough
H,2.030866872,peak
H,2.456012184,peak
H,-0.064021859,peak
H,0.818886859,peak
H,4.59511985,peak
H,4.59511985,peak
H,1.08797389,peak
H,2.806015015,peak
H,4.59511985,peak
H,4.59511985,peak
H,4.59511985,peak
H,0.401300171,peak
H,1.550597412,peak
H,0.994622575,peak
H,3.17805383,peak
H,4.59511985,peak
H,4.59511985,peak
H,4.59511985,peak
H,0.072031128,peak
H,4.59511985,peak
H,2.164326874,peak
H,4.59511985,peak
H,4.59511985,peak
H,4.59511985,peak
H,2.060457164,peak
H,2.649821696,peak
H,4.59511985,peak
H,0.929628943,peak
H,0.553727645,peak
H,0.468378934,peak
H,0.156317528,peak
H,4.59511985,peak
H,3.009467302,peak
H,4.59511985,peak
H,0.116130338,peak
H,1.564513101,peak
H,0.527929194,peak
H,1.098612289,peak
H,3.377690934,peak
H,2.197224577,peak
H,-1.130873151,peak
H,3.009467302,peak
H,-0.401300171,peak
H,4.59511985,peak
H,3.152319008,peak
H,3.511030638,peak
H,2.060457164,peak
H,1.557539474,peak
H,2.301485588,peak
H,2.769405696,peak
H,4.59511985,peak
H,-1.550597412,peak
H,0.610259521,peak
H,3.623314766,peak
H,1.417842719,peak
H,3.152319008,peak
H,-1.688296487,peak
H,4.59511985,peak
H,0.430529077,peak
H,4.59511985,peak
H,4.59511985,peak
H,1.536806468,peak
H,2.254058052,peak
H,1.324925415,peak
H,1.386294361,peak
H,-0.056014642,peak
H,4.59511985,peak
H,4.59511985,peak
H,-0.008000043,peak
H,2.987364024,peak
H,2.541494124,peak
H,3.705408756,peak
H,3.748992436,peak
H,3.748992436,peak
H,1.009897043,peak
H,4.59511985,peak
H,2.61782511,peak
H,4.59511985,peak
H,4.59511985,peak
H,3.204412763,peak
H,0.384674338,peak
H,1.543686535,peak
H,1.254049142,peak
H,4.59511985,peak
H,-1.29504569,peak
H,2.733941615,peak
H,-1.343104428,peak
H,3.17805383,peak
H,1.056389658,peak
H,-0.409633518,peak
H,4.59511985,peak
H,3.259135499,peak
H,-1.529956845,peak
H,2.121757746,peak
H,-0.144249609,peak
H,3.748992436,peak
H,3.409496184,peak
H,4.59511985,peak
H,3.547151294,peak
H,-0.281851152,peak
H,3.409496184,peak
H,-0.523646312,peak
H,2.571428862,peak
H,2.526809141,peak
H,1.63607387,peak
H,0.934562498,peak
H,3.009467302,peak
H,1.936798469,peak
H,-1.312911815,peak
H,1.832001586,peak
H,-0.833052605,peak
H,0.306374205,peak
H,2.415478143,peak
H,2.61782511,peak
H,1.543686535,peak
H,2.338303176,peak
H,2.88300718,peak
H,-0.84729786,peak
H,2.751535313,peak
H,0.401300171,peak
H,1.437066686,peak
H,2.987364024,peak
H,1.437066686,peak
H,2.132266681,peak
H,2.633712581,peak
H,2.88300718,peak
H,1.277359678,peak
H,-1.585627264,peak
H,1.665687458,peak
H,0.880858057,peak
H,0.939506688,peak
H,2.571428862,peak
H,0.558044696,peak
H,-1.424225583,peak
H,0.355703599,peak
H,0.74001895,peak
H,-0.708185058,peak
H,0.944461609,peak
H,0.434719179,peak
H,2.571428862,peak
H,0.74001895,peak
H,2.469836397,peak
H,-1.29504569,peak
H,0.468378934,peak
H,-0.351577227,peak
H,0.184521778,peak
H,2.142863368,peak
H,0.355703599,peak
H,0.493794877,peak
H,0.944461609,peak
H,0.645519132,peak
H,-0.523646312,peak
H,-0.68117099,peak
H,-1.191448348,peak
H,-1.621486251,peak
H,-1.564513101,peak
H,1.430633479,peak
H,-1.550597412,peak
H,-1.312911815,peak
H,2.350827762,peak
H,-1.324925415,peak
H,-1.557539474,peak
H,-1.045968555,peak
H,-0.597132527,peak
H,-0.498045897,peak
H,-0.417980916,peak
H,-1.509587053,peak
H,-1.680721153,peak
H,1.614245614,peak
H,0.277772344,peak
H,-0.305429418,peak
H,-0.74001895,peak
H,2.512305624,peak
H,-0.527929194,peak
H,3.409496184,peak
H,4.59511985,peak
H,0.447312218,peak
H,2.666159259,peak
H,-0.008000043,peak
H,2.682732393,peak
H,1.63607387,peak
H,0.959391716,peak
H,-0.885690291,peak
H,2.716615564,peak
H,3.584547216,peak
H,1.125459539,peak
H,2.289455802,peak
H,2.350827762,peak
H,2.050518502,peak
H,1.045968555,peak
H,0.592767995,peak
H,-0.84729786,peak
H,0.74001895,peak
H,3.34680331,peak
H,2.142863368,peak
H,-0.253346433,peak
H,2.556365614,peak
H,-0.302280872,peak
H,1.857454728,peak
H,2.289455802,peak
H,2.806015015,peak
H,-0.120144312,peak
H,0.627842082,peak
H,1.430633479,peak
H,0.459940243,peak
H,2.428836968,peak
H,2.987364024,peak
H,0.426342693,peak
H,2.175197255,peak
H,0.536509219,peak
H,-0.880858057,peak
H,1.50285565,peak
H,1.91875916,peak
H,2.751535313,peak
H,3.99921955,peak
H,0.422159987,peak
H,2.376272809,peak
H,3.547151294,peak
H,-0.989554911,peak
H,-1.456521039,peak
H,-0.136210205,peak
H,1.29504569,peak
H,-0.156317528,peak
H,1.982994352,peak
H,3.102603276,peak
H,2.843851742,peak
H,0.2614797,peak
H,0.663294217,peak
H,-1.093286044,peak
H,2.733941615,peak
H,3.078568279,peak
H,3.078568279,peak
H,1.614245614,peak
H,1.50285565,peak
H,0.852064314,peak
H,0.343333327,peak
H,1.405150985,peak
H,4.119037175,peak
H,-0.172425929,peak
H,-0.172425929,peak
H,2.289455802,peak
H,2.186162518,peak
H,1.550597412,peak
H,3.17805383,peak
H,-0.10810516,peak
H,0.02800183,peak
H,2.512305624,peak
H,1.742465823,peak
H,1.892145802,peak
H,1.719000115,peak
H,1.964322637,peak
H,0.954404025,peak
H,0.994622575,peak
H,-0.144249609,peak
H,-1.13630181,peak
H,0.929628943,peak
H,1.355332136,peak
H,-1.398841577,peak
H,-0.253346433,peak
H,0.376381214,peak
H,0.224943732,peak
H,2.338303176,peak
H,2.497978731,peak
H,2.863258522,peak
H,2.111334905,peak
H,-0.16034265,peak
H,0.814182252,peak
H,2.289455802,peak
H,1.964322637,peak
H,-0.924705929,peak
H,-0.814182252,peak
H,2.442347035,peak
H,1.283235342,peak
H,-1.103952755,peak
H,2.197224577,peak
H,1.082675696,peak
H,-0.523646312,peak
H,-0.23304908,peak
H,4.329720682,peak
H,1.040777514,peak
H,0.959391716,peak
H,1.15267951,peak
H,-0.717244732,peak
H,1.790593288,peak
H,2.428836968,peak
H,0.804798547,peak
H,1.742465823,peak
H,2.121757746,peak
H,4.18459144,peak
H,-1.025281016,peak
H,3.794467217,peak
H,-0.67669206,peak
H,3.152319008,peak
H,-0.024001152,peak
H,1.365710689,peak
H,1.523137304,peak
H,0.861624753,peak
H,-0.208754814,peak
H,-0.124159253,peak
H,-0.795448359,peak
H,-0.72633273,peak
H,1.082675696,peak
H,2.402266864,peak
H,0.685656509,peak
H,2.965693764,peak
H,-0.959391716,peak
H,0.176456437,peak
H,2.325906528,peak
H,2.699548556,peak
H,1.21396637,peak
H,0.434719179,peak
H,-2.164326874,peak
H,-1.734601055,peak
H,-1.509587053,peak
H,-1.437066686,peak
H,-1.456521039,peak
H,-1.523137304,peak
H,-1.614245614,peak
H,-1.550597412,peak
H,-1.643421765,peak
H,-1.082675696,peak
H,-1.982994352,peak
H,-1.63607387,peak
H,-1.992430165,peak
H,-1.650806341,peak
H,-1.680721153,peak
H,-1.509587053,peak
H,-1.496152942,peak
H,-1.711262773,peak
H,-0.87603547,peak
H,-1.782457077,peak
H,-2.030866872,peak
H,0.343333327,peak
H,-1.456521039,peak
H,-1.578556599,peak
H,-1.658228077,peak
H,-1.711262773,peak
H,-1.848917883,peak
H,-1.141745659,peak
H,-1.766324572,peak
H,-1.147204844,peak
H,-1.41148461,peak
H,-1.300980777,peak
H,-1.543686535,peak
H,-1.936798469,peak
H,1.231036874,peak
H,-1.035599321,peak
H,-1.557539474,peak
H,-0.579707068,peak
H,-1.277359678,peak
H,-1.330963716,peak
H,1.69591151,peak
H,-0.397138665,peak
H,2.231011575,peak
H,-1.424225583,peak
H,-1.040777514,peak
H,1.450010176,peak
H,2.121757746,peak
H,-0.515094574,peak
H,-1.557539474,peak
H,-1.509587053,peak
H,-0.619039208,peak
H,-1.536806468,peak
H,-1.01501272,peak
H,-1.476213692,peak
H,-1.248268579,peak
H,0.040005335,peak
H,-1.443525489,peak
H,-1.191448348,peak
H,-1.688296487,peak
H,-1.857454728,peak
H,0.080042708,peak
H,-0.318669644,peak
H,-1.004793533,peak
H,-0.712711386,peak
H,-0.290015796,peak
H,-1.973625549,peak
H,-1.277359678,peak
H,-1.456521039,peak
H,-1.650806341,peak
H,-1.680721153,peak
H,-1.529956845,peak
H,4.59511985,peak
H,2.923583166,peak
H,-0.355703599,peak
H,4.59511985,peak
H,4.59511985,peak
H,-0.540806456,peak
H,4.59511985,peak
H,1.564513101,peak
H,4.59511985,peak
H,2.633712581,peak
H,4.59511985,peak
H,1.59273108,peak
H,1.909829572,peak
H,4.59511985,peak
H,4.59511985,peak
H,-0.438913042,peak
H,4.59511985,peak
H,4.59511985,peak
H,4.59511985,peak
H,0.092064973,peak
H,4.59511985,peak
H,0.430529077,peak
H,0.809486173,peak
H,1.807009032,peak
H,1.790593288,peak
H,4.59511985,peak
H,4.59511985,peak
H,0.964390527,peak
H,0.326879837,peak
H,4.59511985,peak
H,4.59511985,peak
H,0.016000341,peak
H,4.59511985,peak
H,4.59511985,peak
H,4.59511985,peak
H,4.59511985,peak
H,4.59511985,peak
H,2.61782511,peak
H,4.59511985,peak
H,1.265666373,peak
H,-0.994622575,peak
H,4.59511985,peak
H,-0.196631102,peak
H,1.848917883,peak
H,4.59511985,peak
H,4.59511985,peak
H,1.147204844,peak
H,4.59511985,peak
H,4.59511985,peak
H,4.59511985,peak
H,2.376272809,peak
H,1.456521039,peak
H,4.59511985,peak
H,1.361479192,peak
H,4.59511985,peak
H,4.59511985,peak
H,4.59511985,peak
H,4.59511985,peak
H,0.100083459,peak
H,3.17805383,peak
H,1.643421765,peak
H,0.196631102,peak
H,-0.285932291,peak
H,-0.14827104,peak
H,-1.509587053,peak
H,-1.807009032,peak
H,-1.766324572,peak
H,-1.482832288,peak
H,-0.924705929,peak
H,1.21396637,peak
H,-0.667753732,peak
H,-0.753771802,peak
H,-1.098612289,peak
H,2.142863368,peak
H,-1.621486251,peak
H,-0.900245742,peak
H,-0.641090819,peak
H,-0.128175193,peak
H,-0.220893832,peak
H,0.62343772,peak
H,-1.343104428,peak
H,-1.758326961,peak
H,-1.578556599,peak
H,-2.080567034,peak
H,-1.658228077,peak
H,-2.313634929,peak
H,-1.982994352,peak
H,-2.021151266,peak
H,-1.536806468,peak
H,-1.719000115,peak
H,-2.060457164,peak
H,-1.955084525,peak
H,-1.848917883,peak
H,-2.142863368,peak
H,-2.132266681,peak
H,-2.021151266,peak
H,-1.734601055,peak
H,-1.726779349,peak
H,-2.050518502,peak
H,-1.964322637,peak
H,-2.313634929,peak
H,-1.883389792,peak
H,-2.060457164,peak
H,-1.857454728,peak
H,-1.945910149,peak
H,-1.973625549,peak
H,-0.253346433,peak
H,-1.91875916,peak
H,-1.782457077,peak
H,-1.18029032,peak
H,-1.469622493,peak
H,-1.60703983,peak
H,-1.936798469,peak
H,-1.489780406,peak
H,-1.230032472,peak
H,-0.08669644,peak
H,-0.563060368,peak
H,2.68188765,peak
H,-0.741133553,peak
H,-0.604864444,peak
H,-1.479326741,peak
H,-1.697889231,peak
H,4.59511985,peak
H,-0.308356203,peak
H,2.246230624,peak
H,1.779182318,peak
H,-0.646297439,peak
H,-1.347464818,peak
H,-0.067867874,peak
H,-0.98989006,peak
H,-1.576315776,peak
H,1.792849594,peak
H,0.409887588,peak
H,0.914394674,peak
H,1.278946109,peak
H,-1.648832762,peak
H,-1.580334297,peak
H,-1.558926216,peak
H,2.53210632,peak
H,-0.82881237,peak
H,1.480918632,peak
H,1.890541628,peak
H,2.310903034,peak
H,2.627065493,peak
H,1.240817267,peak
H,4.59511985,peak
H,1.573608719,peak
H,1.664903267,peak
H,1.774733364,peak
H,1.803952207,peak
H,1.882391068,peak
H,2.120144435,peak
H,-0.943679196,peak
H,2.568445914,peak
H,-1.120968076,peak
H,2.755740609,peak
H,2.577491916,peak
H,-0.143581496,peak
H,-0.103688128,peak
H,-0.178878159,peak
H,2.758433201,peak
H,1.719771392,peak
H,-0.572303294,peak
H,-1.147718172,peak
H,-1.500976696,peak
H,-1.83832661,peak
H,2.978937439,peak
H,1.419853591,peak
H,2.021725889,peak
H,2.421312047,peak
H,2.011278289,peak
H,2.083237227,peak
H,1.126778749,peak
H,2.098626113,peak
H,2.972560029,peak
H,2.287349578,peak
H,2.544451968,peak
H,1.584974715,peak
H,2.268166563,peak
H,0.67256525,peak
H,1.906820082,peak
H,1.078291341,peak
H,1.671998658,peak
H,2.22561766,peak
H,2.742606792,peak
H,2.209606272,peak
H,1.024971358,peak
H,2.54027414,peak
H,2.755661609,peak
H,1.536770953,peak
H,3.093187478,peak
H,3.489869783,peak
H,3.097679086,peak
H,4.59511985,peak
H,4.59511985,peak
H,4.59511985,peak
H,2.770951255,peak
H,2.507529126,peak
H,2.958687406,peak
H,2.951868642,peak
H,3.17619062,peak
H,2.183424022,peak
H,4.59511985,peak
H,4.59511985,peak
H,2.582587452,peak
H,-1.417217848,peak
H,1.456030413,peak
H,2.829506269,peak
H,-1.313883855,peak
H,2.333041437,peak
H,2.025604153,peak
H,0.562970614,peak
H,0.181664383,peak
H,0.724555641,peak
H,1.322445085,peak
H,-0.925203563,peak
H,0.272093189,peak
H,-0.158723483,peak
H,0.231036358,peak
H,-1.400434872,peak
H,-1.074937199,peak
H,-0.837757625,peak
H,-1.418728106,peak
H,-0.814117465,peak
H,2.421597067,peak
H,3.154858526,peak
H,2.732319531,peak
H,3.154858526,peak
H,2.732319531,peak
H,3.065642644,peak
H,2.28912147,peak
H,3.198233212,peak
H,1.994545997,peak
H,2.284921457,peak
H,2.425779997,peak
H,3.393455995,peak
H,1.555768292,peak
H,2.710342176,peak
H,4.59511985,peak
H,2.363618324,peak
H,4.59511985,peak
H,1.157319796,peak
H,0.477826727,peak
H,1.546861472,peak
H,4.59511985,peak
H,1.898700454,peak
H,2.128874952,peak
H,2.614485767,peak
H,0.558181736,peak
H,2.364525679,peak
H,1.888419521,peak
H,2.315395298,peak
H,-1.419273445,peak
H,0.31619166,peak
H,1.420079073,peak
H,1.279927237,peak
H,0.904577106,peak
H,-0.815000097,peak
H,-1.162876351,peak
H,0.443883482,peak
H,-1.199624976,peak
H,-1.664103655,peak
H,-1.532250849,peak
H,-1.686249524,peak
H,1.071630378,peak
H,1.895755103,peak
H,0.771145101,peak
H,2.080520264,peak
H,0.539619564,peak
H,2.106808719,peak
H,1.616915491,peak
H,2.565799866,peak
H,-1.650994732,peak
H,2.532718765,peak
H,2.70442456,peak
H,1.180547304,peak
H,3.341370891,peak
H,-0.401318077,peak
H,3.781189549,peak
H,1.343358067,peak
H,1.242480832,peak
H,1.187439876,peak
H,2.712526594,peak
H,1.726828088,peak
H,2.585519971,peak
H,0.346191905,peak
H,0.658772421,peak
H,2.850958626,peak
H,2.878830957,peak
H,3.464906894,peak
H,3.180231471,peak
H,2.54471716,peak
H,1.341476083,peak
H,-1.143235314,peak
H,1.716001609,peak
H,1.284142193,peak
H,2.03097178,peak
H,2.059062644,peak
H,3.390349108,peak
H,3.054178021,peak
H,3.210108634,peak
H,1.631106922,peak
H,3.056298879,peak
H,1.421910345,peak
H,3.017970841,peak
H,3.784021523,peak
H,3.358831624,peak
H,4.59511985,peak
H,1.823069923,peak
H,1.801571847,peak
H,0.17719594,peak
H,1.131014878,peak
H,3.202743567,peak
H,3.065960962,peak
H,4.59511985,peak
H,2.945955412,peak
H,3.345198426,peak
H,3.074603476,peak
H,4.59511985,peak
H,0.574554369,peak
H,2.895926223,peak
H,2.275195062,peak
H,0.341219576,peak
H,0.407379873,peak
H,1.669238604,peak
H,2.173291883,peak
H,1.422932042,peak
H,0.093342,peak
H,-0.38200755,peak
H,0.294142625,peak
H,0.899830254,peak
H,3.229937807,peak
H,0.051540988,peak
H,0.690274657,peak
H,2.5154423,peak
H,2.241532149,peak
H,0.481674824,peak
H,0.937665751,peak
H,1.363000357,peak
H,-0.669549596,peak
H,1.39411052,peak
H,-0.89632965,peak
H,-0.18506926,peak
H,-1.3538683,peak
H,-1.487993557,peak
H,-0.044473264,peak
H,-1.080948077,peak
H,0.106772694,peak
H,-0.858578649,peak
H,-1.422470277,peak
H,-1.054140317,peak
H,-0.88898729,peak
H,-1.676201735,peak
H,-1.583460492,peak
H,-1.269900224,peak
H,-0.863521619,peak
H,-1.470328339,peak
H,-1.67218216,peak
H,-1.673480401,peak
H,-1.399200581,peak
H,-1.419373154,peak
H,-1.038101279,peak
H,-1.233018721,peak
H,-1.384266222,peak
H,-1.442842384,peak
H,-1.562661767,peak
H,-1.245049695,peak
H,-1.602222889,peak
H,2.324848837,peak
H,1.865416425,peak
H,-1.391458463,peak
H,-0.666617435,peak
H,-0.703837223,peak
H,-1.531046715,peak
H,2.667834053,peak
H,2.70218067,peak
H,-0.198309039,peak
H,2.826974931,peak
H,2.866745504,peak
H,2.532758739,peak
H,2.637630178,peak
H,2.352215655,peak
H,2.431625775,peak
H,3.270261552,peak
H,1.564997663,peak
H,2.726964762,peak
H,3.003650719,peak
H,2.961531274,peak
H,3.476181385,peak
H,0.685720955,peak
H,3.073962089,peak
H,2.005788896,peak
H,1.937180416,peak
H,2.55574449,peak
H,2.437324214,peak
H,1.911334829,peak
H,2.805842497,peak
H,0.085462914,peak
H,2.679491968,peak
H,3.038376029,peak
H,2.0912493,peak
H,4.59511985,peak
H,2.931206367,peak
H,1.931785751,peak
H,2.026389979,peak
H,1.955683621,peak
H,2.060474538,peak
H,2.26034332,peak
H,3.006689568,peak
H,2.277030235,peak
H,2.187835878,peak
H,2.196153975,peak
H,1.813629986,peak
H,0.629849838,peak
H,1.730995482,peak
H,2.335501322,peak
H,4.59511985,peak
H,1.611274037,peak
H,4.59511985,peak
H,3.235940784,peak
H,2.60822201,peak
H,2.762588203,peak
H,4.59511985,peak
H,3.11157725,peak
H,1.536833417,peak
H,2.69630095,peak
H,1.916956026,peak
H,1.888495874,peak
H,1.740965221,peak
H,0.051841296,peak
H,2.46599129,peak
H,2.152667284,peak
H,3.161390995,peak
H,2.664683214,peak
H,2.710243873,peak
H,2.024669507,peak
H,2.614470618,peak
H,2.115384267,peak
H,3.085207006,peak
H,3.227252196,peak
H,2.809669055,peak
H,2.320167976,peak
H,2.768946676,peak
H,3.208204034,peak
H,3.323106493,peak
H,2.906924081,peak
H,3.549731896,peak
H,1.769517252,peak
H,2.426988952,peak
H,1.045828305,peak
H,2.819856002,peak
H,2.444883703,peak
H,2.476555499,peak
H,3.353220082,peak
H,2.959963733,peak
H,3.085533877,peak
H,2.037138407,peak
H,2.16626009,peak
H,2.607703599,peak
H,3.20911438,peak
H,1.857215268,peak
H,3.055190714,peak
H,1.038596621,peak
H,0.232073222,peak
H,0.391939566,peak
H,3.608033264,peak
H,1.585236378,peak
H,3.118497828,peak
H,2.555922057,peak
H,1.482951226,peak
H,2.703898598,peak
H,3.040212399,peak
H,2.702854253,peak
H,1.834317113,peak
H,-0.945126014,peak
H,1.341007861,peak
H,2.771798651,peak
H,2.246700938,peak
H,2.007281701,peak
H,1.143249905,peak
H,3.173539265,peak
H,0.974191663,peak
H,4.59511985,peak
H,4.59511985,peak
H,4.59511985,peak
H,1.970557206,peak
H,1.232818825,peak
H,2.194577686,peak
H,3.289466926,peak
H,0.786537535,peak
H,2.918983899,peak
H,1.047049521,peak
H,3.058300035,peak
H,1.964479795,peak
H,2.485190264,peak
H,3.565158282,peak
H,3.45554238,peak
H,1.542005886,peak
H,2.301542708,peak
H,-0.301829794,peak
H,2.057783657,peak
H,1.600331719,peak
H,1.424088709,peak
H,0.801058863,peak
H,-1.480398108,peak
H,0.152536427,peak
H,0.271350743,peak
H,1.169588112,peak
H,2.311447513,peak
H,-0.041902767,peak
H,2.462318238,peak
H,2.395694739,peak
H,3.044380771,peak
H,3.546076476,peak
H,1.50369731,peak
H,0.844937386,peak
H,1.943682572,peak
H,2.425546861,peak
H,0.789696414,peak
H,1.057645624,peak
H,1.983797147,peak
H,0.969399801,peak
H,2.383723485,peak
H,2.180703385,peak
H,0.455272534,peak
H,2.865309874,peak
H,0.078981254,peak
H,-0.582056619,peak
H,0.479859032,peak
H,2.352352076,peak
H,1.900848929,peak
H,1.505851326,peak
H,-0.268404264,peak
H,1.243236578,peak
H,1.709379963,peak
H,1.346642574,peak
H,1.715910583,peak
H,2.117196275,peak
H,-0.56814645,peak
H,-0.418972837,peak
H,-1.53926226,peak
H,3.003198875,peak
H,2.795780524,peak
H,0.61773965,peak
H,-1.098557213,peak
H,0.044666256,peak
H,0.062623067,peak
H,-0.975982896,peak
H,-1.091401797,peak
H,0.708536733,peak
H,-1.628724368,peak
H,2.055172021,peak
H,0.172698573,peak
H,2.035579803,peak
H,-0.303480147,peak
H,0.212613561,peak
H,2.836485368,peak
H,-1.606263613,peak
H,-1.546891679,peak
H,-1.050592977,peak
H,-1.316488933,peak
H,-1.412124443,peak
H,-0.796784545,peak
H,-1.092454745,peak
H,-1.539342423,peak
H,-1.50759827,peak
H,-0.608970284,peak
H,-1.147165616,peak
H,-1.686832661,peak
H,-1.517238373,peak
H,-1.324662287,peak
H,-1.496047465,peak
H,-0.943904303,peak
H,-0.350802741,peak
H,-1.252082808,peak
H,0.349109285,peak
H,1.0966461,peak
H,-0.899759102,peak
H,-1.560727481,peak
H,-1.384451401,peak
H,-1.678998731,peak
H,-0.883844333,peak
H,-1.546510429,peak
H,-1.643089512,peak
H,0.323942653,peak
H,-1.578032567,peak
H,-1.680274714,peak
H,-1.662688108,peak
H,-0.964245852,peak
H,-1.4362518,peak
H,-0.914245802,peak
H,-0.731383271,peak
H,-1.706273256,peak
H,-1.575605061,peak
H,-0.427674126,peak
H,-1.427737368,peak
H,-1.315208281,peak
H,2.280231639,peak
H,1.954725361,peak
H,1.424215664,peak
H,3.336269576,peak
H,3.156591022,peak
H,-1.055497878,peak
H,-0.814562738,peak
H,2.410471512,peak
H,0.893702907,peak
H,3.310201392,peak
H,2.082671553,peak
H,3.049876598,peak
H,2.617117702,peak
H,-0.434999601,peak
H,-0.79058921,peak
H,1.462908481,peak
H,2.477989263,peak
H,3.069639617,peak
H,1.599020488,peak
H,2.164622503,peak
H,0.477371909,peak
H,2.44565256,peak
H,2.152654066,peak
H,1.922874062,peak
H,1.53139789,peak
H,-0.505437296,peak
H,1.903215447,peak
H,3.590323954,peak
H,1.520665322,peak
H,0.561367998,peak
H,3.217923684,peak
H,-1.071693542,peak
H,-1.172284179,peak
H,-0.807086953,peak
H,-1.393292709,peak
H,-1.270956014,peak
H,0.269153699,peak
H,-0.092872577,peak
H,0.028904517,peak
H,2.027334372,peak
H,0.885112809,peak
H,1.749521818,peak
H,1.186543981,peak
H,-0.445022735,peak
H,-0.200821635,peak
H,-1.657234743,peak
H,-1.66501004,peak
H,0.252244082,peak
H,-0.503837204,peak
H,-1.307143631,peak
H,0.382452909,peak
H,0.692481596,peak
H,-0.866864669,peak
H,-1.459864512,peak
H,-0.274644159,peak
H,1.955682463,peak
H,0.07378085,peak
H,-1.306886052,peak
H,-2.040365753,peak
H,-1.984097108,peak
H,-2.080974517,peak
H,-2.165886637,peak
H,-1.991819222,peak
H,2.940052388,peak
H,2.584335635,peak
H,4.59511985,peak
H,0.914114658,peak
H,2.698833367,peak
H,1.404368256,peak
H,2.635557358,peak
H,-1.287230875,peak
H,-1.073307294,peak
H,-1.274632462,peak
H,2.315630483,peak
H,3.446776078,peak
H,1.75650533,peak
H,1.582375322,peak
H,2.461476639,peak
H,2.22159538,peak
H,-0.287448795,peak
H,1.670290973,peak
H,-1.864266497,peak
H,-1.142551603,peak
H,4.59511985,peak
H,-1.685121398,peak
H,-1.664350391,peak
H,-1.639098006,peak
H,-1.565210235,peak
H,-1.563056001,peak
H,-1.560503487,peak
H,-0.985175422,peak
H,0.825192118,peak
H,-1.831032462,peak
H,-1.565316188,peak
H,-1.06391484,peak
H,-1.15078515,peak
H,-1.662560741,peak
H,-1.627197627,peak
H,-1.489780406,trough
H,-1.230032472,trough
H,-1.663938071,trough
H,-1.576315776,trough
H,-1.580334297,trough
H,-1.558926216,trough
H,-1.500976696,trough
H,-1.83832661,trough
H,2.174590872,trough
H,0.231036358,trough
H,-1.400434872,trough
H,-1.074937199,trough
H,-0.837757625,trough
H,-1.418728106,trough
H,-0.814117465,trough
H,1.420079073,trough
H,1.279927237,trough
H,0.904577106,trough
H,-0.815000097,trough
H,-1.162876351,trough
H,0.443883482,trough
H,-1.199624976,trough
H,-1.664103655,trough
H,-1.532250849,trough
H,-1.686249524,trough
H,0.658772421,trough
H,-1.487993557,trough
H,-0.044473264,trough
H,-1.080948077,trough
H,0.106772694,trough
H,-0.858578649,trough
H,-1.422470277,trough
H,-1.054140317,trough
H,-0.88898729,trough
H,-1.676201735,trough
H,-1.583460492,trough
H,-1.269900224,trough
H,-0.863521619,trough
H,-1.470328339,trough
H,-1.67218216,trough
H,-1.673480401,trough
H,-1.399200581,trough
H,-1.419373154,trough
H,-1.038101279,trough
H,-1.233018721,trough
H,-1.384266222,trough
H,-1.442842384,trough
H,-1.562661767,trough
H,-1.245049695,trough
H,-1.531046715,trough
H,-1.861441605,trough
H,-1.666039207,trough
H,-1.092454745,trough
H,-1.539342423,trough
H,-1.50759827,trough
H,-0.608970284,trough
H,-1.147165616,trough
H,-1.686832661,trough
H,-1.517238373,trough
H,-1.324662287,trough
H,-1.496047465,trough
H,-0.943904303,trough
H,-0.350802741,trough
H,-1.252082808,trough
H,0.349109285,trough
H,1.0966461,trough
H,-0.899759102,trough
H,-1.560727481,trough
H,-1.384451401,trough
H,-1.678998731,trough
H,-0.883844333,trough
H,-1.546510429,trough
H,-1.643089512,trough
H,0.323942653,trough
H,-1.578032567,trough
H,-1.680274714,trough
H,-1.662688108,trough
H,-0.964245852,trough
H,-1.4362518,trough
H,-0.914245802,trough
H,-0.731383271,trough
H,-1.706273256,trough
H,-1.575605061,trough
H,-0.427674126,trough
H,-1.427737368,trough
H,-1.315208281,trough
H,-1.055497878,trough
H,-1.426997132,trough
H,-0.092872577,trough
H,0.028904517,trough
H,-1.677617322,trough
H,-0.445022735,trough
H,-0.200821635,trough
H,-1.657234743,trough
H,-1.66501004,trough
H,0.252244082,trough
H,-0.503837204,trough
H,-1.307143631,trough
H,0.382452909,trough
H,0.692481596,trough
H,-0.866864669,trough
H,-1.459864512,trough
H,-2.040365753,trough
H,-1.984097108,trough
H,-2.080974517,trough
H,-2.165886637,trough
H,-1.991819222,trough
H,-1.274632462,trough
H,-1.864266497,trough
H,-1.65279517,trough
H,-1.65968929,trough
H,-1.685121398,trough
H,-1.664350391,trough
H,-1.659539537,trough
H,-1.639098006,trough
H,-1.565210235,trough
H,-1.563056001,trough
H,-1.560503487,trough
H,-1.195306252,trough
H,-0.985175422,trough
H,0.825192118,trough
H,-1.831032462,trough
H,-1.734164513,trough
H,-1.565316188,trough
H,-1.06391484,trough
H,-1.15078515,trough
H,-1.662560741,trough
H,-1.627197627,trough
H,-1.865413888,trough